,Timestamp,Description,Interst/Alarm,Confusion/Understanding,Frusteration/Relief,Sorrow/Joy,Anger/Gratitude,Fear/Hope,Boredom/Surprise,Disgust/Desire
1,1617916426.4783866,confused and asking for clarification almost,3,2,4,3,2,4,1,1
2,1619712628.7415078,"His eyes half closed, his head tilted up, his arms reached forward. He looked like he wanted to be picked up.",2,4,3,3,4,4,3,5
3,1619712728.844478,"eyes were half open, head tilted up and down slightly. Looked tired.",3,3,2,3,3,3,1,3
4,1619712845.8391554,"eyes were looking concerned to the left, then kinda drunk? like the loopy emoji, one arm moved a bit.",3,2,3,3,3,3,4,3
5,1619712970.3190892,"one arm moved about halfway up twice head tilted down a couple times, eyes half closed. Seemed disappointed/tired",3,3,2,2,3,3,2,3
6,1619713078.9823556,"Head tilted up a few times, both arms went up high then back down and then one arm went up then back down. Seemed surprised or excited",1,3,3,5,3,4,5,3
7,1619713187.696467,"Head tilting up a few times, both arms up a tiny bit, and then one arm up halfway. Looked like he was accusing me of something, 10/10 would fight",3,3,3,3,2,3,3,4
8,1619713371.3021836,"Both arms up a little bit, kinda like a shrug, eyes half closed, looked up and to the right (from my perspective), lifted one arm up high and then let it drop. The head tilt up is what made me see a little bit of desire ",3,3,3,3,3,3,1,4
9,1619713561.6655798,"eyes half closed, head tilting slightly down a couple times",3,3,3,3,3,3,1,3
10,1619713640.524142,eyes half shut and then eyes went wide and arms went up ,5,3,3,3,3,1,5,3
11,1619713725.02319,"Look to the left (from my perspective) and then slowly back to center, eyes blinked a few times",2,2,3,3,3,3,2,4
12,1619713844.9509923,"eyes half closed, head a little droopy, and then eyes went wide and looked to the left while head tilted away from the direction it was looking",2,2,3,3,3,3,5,3
13,1620327916.965917,The robot had stars in its eyes like it saw something it liked. It then looked like it went to grab/hug it by moving its arms and looked tired. It must have been rejected or not gotten what it wanted because it then looked angry,3,3,1,4,1,3,4,5
14,1620328046.428543,The robot raised one arm and then lowered it. It blinked a couple times and remained pretty neutral. It almost looked like it was agreeing with someone in a conversation,2,4,3,3,3,3,2,3
15,1620328165.9979303,The robot moved its head to te side and then started wvaving its arms and rolling its eyes around. Then it showed some puppy dog eyes. It was almost like it was trying to be silly to gain affection,3,2,3,4,3,4,3,5
16,1620328315.7865946,The robot nodded its head in agreement,2,5,3,3,3,3,3,3
17,1620328380.9316356,The robot sort of squinted its eyes and threw up its arms. It felt like it did something and felt bad about it.,3,2,2,1,3,3,4,3
18,1620328477.482601,The robot put its arm out like it was either saying something or gretting someone. It then said umm and blinked it eyes in confusion.,4,1,3,3,3,3,3,3
19,1620328561.1314175,"The robot opened its eyes VERY wide like it saw something shocking and said ""ah""",5,2,3,3,3,2,5,3
20,1620328647.6332474,The robot's eyes turned into flames and crossed like it just got very mad about something it saw.,4,2,2,3,1,3,4,2
21,1620328735.603643,The robot put one arm out and then made some goofy eyes. After a second it sort of wiggled both arms and then looked mildly surprised at something,4,2,3,3,3,3,4,2
22,1620328843.3394911,The robot was looking really bored and then all of a sudden got angry and started scowling,3,3,3,3,1,3,1,3
23,1620328918.658034,The robot got big heart eyes like it saw someone it was really attracted to. It then moved its arm like it was shaking hands with that persona and its eyelids became heavy as if the robot were swooning. Then its eyes turned into big stars like it was totally dazzled by what just happened,2,3,3,5,3,4,4,5
24,1620329044.7350082,"The robot was saying ""ah"" and nodding its head. Then its eyes got really big. It was like it was listening to a conversation and then someone said something shocking to it",1,3,3,3,3,3,5,2
25,1620329156.46939,The robot was looking around and then it looked like it saw something that totally grossed it out. It then kept staring in confusion and surprise and then totally dismissed what was happening in a really nonchalant manner,5,1,3,3,3,3,5,1
26,1620329271.8323858,The robot was looking at me like I was telling it a sad story about myself. It had a look of care on its face. It then reached up both arms and looked up at me as if to try to give me a hug and comfort me.,2,5,4,3,3,3,3,3
27,1620933646.0537944,Blinked and moved head up and down.,2,2,3,3,3,3,3,3
28,1620933719.941767,"Made ""uh"" sound, while moving hand up and down.",2,3,2,3,3,3,3,3
29,1620933796.5274596,"Made ""uh"" sound, and moved head up and down.",2,5,4,4,4,4,3,3
30,1620933796.5274596,"Made ""uh"" sound, and moved head up and down.",2,5,4,4,4,4,3,3
31,1620934506.1418002,Raises head upward at a tilt.,1,2,3,3,3,3,4,3
32,1620934506.1418002,Raises head upward at a tilt.,1,2,3,3,3,3,4,3
33,1620934559.4357548,"Says ""oi"" and then ""um"". Sightly shakes head up and down.",2,3,2,3,2,3,3,2
34,1620934663.8111324,"Looks down and to the side, opens eyes widely looking in same direction. Then moves hand up and down, with bored eyes.",4,2,2,2,2,2,1,3
35,1620934817.7313988,"Says ""um"" with eyes turned into stars. Shakes head up and down slightly.",2,3,3,3,3,2,5,4
36,1620934918.9955094,"Says ""aw"" and moves left arm, then says ""um"" and move right arm.",1,2,2,2,3,3,4,4
37,1620935027.470034,"Eyes are mostly closed and says  ""aw"".",3,3,3,2,3,3,2,3
38,1620935098.9348276,"Eyes look slightly sad and says ""oi"", while shacking head up/down slightly.",2,3,3,1,3,3,2,2
39,1620935239.902443,"Eyes are barely open. Says ""hm"", ""oi"", and ""aw"", while like up and the the left.",3,3,2,1,2,3,1,2
40,1620935378.751057,Slight moves arm and head. Eyes open wide.,4,2,3,3,3,3,5,4
41,1620935473.1138062,"Wobbles head a tiny amount, after making a confused look.",2,1,3,3,3,3,3,3
42,1620935616.9191256,Moves arm up and blinks.,2,3,3,3,3,3,3,4
43,1620935676.655886,waves right arm. Moves head up and down slightly.,2,4,3,3,3,3,4,3
44,1620935755.9738705,"Moves left arm up and says ""hm"". Then drops arm and says ""aw"".",2,3,3,3,3,3,4,4
45,1620935828.1042309,Starts with confused look. Eyes then turn to stars and looks up and to the right.,4,1,4,4,4,4,5,3
46,1621364935.019199,"Robot made a sound that sounds like an ""ah"" and together with his eyes it seemed like a person that is not interested in a story i've told them and responds desinterested.",3,3,2,3,3,3,1,2
47,1621365093.7783566,"sounds like he said ""hm"" as a confirmation and then lifted his arms and slightly tilted his head and said ""fun"" the eyes looked friendly and happy",1,4,3,5,3,4,4,4
48,1621365281.078141,"he said ""hm"" and nodded slightly and his eyes blinked once
it felt like a confirming and understanding ""hm"" during a conversation ",2,5,3,3,3,3,3,3
49,1621365396.1686733,"he tilted his head to the right and had hearts in his eyes while he said ""hm"" when he moved his left arm just a tiny bit he had confused looking eyes. I was confused by that switch of expression as I cannot imagine a situation where that would happen",2,1,3,4,3,3,5,4
50,1621365634.6764696,he had very angry looking eyes and lifted his left arm,5,3,2,3,1,3,4,2
51,1621365706.7058723,he lifted his left arm then both arms while he tilted his head slightly as if he was giving someone a hug the eyes looked kind of sleepy after he put his arms down again he lifted his right arm once more after that,2,3,3,2,3,3,2,3
52,1621365901.8798208,he had hearts in his eyes and just slightly moved the right arm and looked up,1,3,5,5,5,5,3,4
53,1621365998.4054132,"He said ""hm"" followed by a ""hey"". when he said hey his eyes changed into a mechanical looking shape with a frame",5,1,3,3,2,3,3,3
54,1621366141.785607,"he nodded gently a few times and his eyes looked like someone who is expressing empathy hearing a sad or unfortunate story he then lifted his right arm up fast and said ""hey""",1,4,2,2,3,3,3,3
55,1621366263.0231216,"he tilted his head up and moved it towards the right while having a very arrogant, bored eye expression. he then moved his head back to face me and lifted his left arm twice while he was raising an eyebrow. it reminds me of someone being told a lie and knowing its a lie and they call it out.",3,3,2,3,3,3,2,2
56,1621366445.6549408,"he lifted both arms, nodded a little and had a very bored eye expression",3,3,3,3,3,3,1,3
57,1621366643.4770746,"he said ""hm"" twice, the first time he had angry looking eyes with yellow flames as pupils and then the second time he looked away still with an upset eye expression (without flames)",5,3,2,3,1,3,3,2
58,1621366772.2129629,he lifted his right arm as if he was shaking hands with someone. eyes looked normal/friendly,2,3,3,4,3,3,3,3
59,1621367410.2746918,he nodded slightly and blinked once,2,4,3,3,3,3,3,3
60,1621367472.146887,"he nodded a few times and said ""hm"" while he blinked",1,5,3,3,3,3,3,3
61,1621367536.3341408,"very angry looking eyes and he lifted his left arm and said ""ah"" and then his right arm and said ""ah""",4,3,1,3,1,3,3,2
62,1621367621.1821702,"lifted his arms slightly and moved his head slowly to the right and nodded and said ""hm"" ",2,4,2,3,3,3,3,3
63,1621367710.4105153,he lifted his left arm twice while nodding as if he is pointing towards something to show me,2,4,3,3,3,3,3,3
64,1621367794.2016954,he lifted his right arm for a while and nodded slightly and blinked a few times as if he is showing someone the way,2,4,3,3,3,3,3,3
65,1621367890.2070472,"he said ""ha"" and ""hm"" while having an eye expression i cannot interpret. it is mechanical looking and has two frames",4,2,3,3,3,3,3,3
67,1630361059.518308,turning aroung the head and eyes looked red,3,3,2,3,1,3,3,3
68,1630361059.518308,turning aroung the head and eyes looked red,3,3,2,3,1,3,3,3
69,1630362057.3722026,I saw the robot blink its eyes and reach out it's hand as if to welcome me or gesture for me to keep talking to it as it's invested in the conversation.,1,4,3,3,5,3,3,5
70,1630363136.5916212,"The robot started off uneasy or queezy like it was sick or worried, then absolute panic that something had gone horribly wrong. This combination looked like the process of throwing up.",5,3,3,3,3,2,3,1
71,1630367096.5948489,The robot was looking angrily at me,4,3,2,3,2,3,3,1
72,1630367302.5732996,It squinted and then opened eyes normally,2,4,4,3,3,4,4,3
73,1630418987.6985118,"It made a ""hmm"" noise, raised then lowered it's head, and is now just occasionally blinking. ",2,3,3,3,3,3,2,3
74,1630419112.4129071,"It raised it's hand, looking at it, before lowering it and looking bashful. It was kind of like it was going to shake my hand as a greeting, but got shy.It also made sorta a ""hey"" sound.",2,4,3,4,4,3,4,4
75,1630420643.1494548,raised arms and gave a happy noise. moved head up and down,2,4,4,5,5,4,5,3
76,1630421538.523594,Glitched out?,3,3,3,3,3,3,3,3
77,1630428115.8245752,"The robot's eyes looked inward quickly and then it looked somewhat happy afterward and made an ""um"" sound.",4,2,4,4,3,3,4,3
78,1630436521.7557144,It didn't really move. It just nodded its head a little and then blinked a few times. Not sure what that was.,2,4,3,3,3,3,2,3
79,1630436685.1394014,"This time it kind of screamed ""Ah!"" It then had what I would assume were wide eyes. I think it was startled or scared of something.",5,3,3,3,3,1,5,3
80,1630436872.6859088,"The robot nodded and said, ""Hm"" I think it was showing that it uderstood something.",2,5,3,3,3,3,3,4
81,1630436981.4530704,"This time it nodded twice and made the ""Hm."" sound. I think it was understanding something. Or maybe trying to hurry along a conversation because it was bored.",3,5,3,3,3,3,2,3
82,1630437851.7216177,indifference and apathy,3,1,3,3,3,3,1,3
83,1630442398.0877593,"A jerk of the arms and looking with wide eyes, as if something unexpexted appeared before it",3,1,2,3,2,2,5,2
84,1630443524.5338647, nice reaction,3,4,3,3,3,4,3,3
85,1630444106.408374,It moved its hand and turned its head,2,5,5,4,5,4,3,3
86,1630445499.9557931,Interesting Robot. Said me Hi.,2,4,4,4,3,3,3,3
87,1630445499.9557931,Interesting Robot. Said me Hi.,2,4,4,4,3,3,3,3
88,1630445499.9557931,Interesting Robot. Said me Hi.,2,4,4,4,3,3,3,3
89,1630448369.9582355,the robot said hi and nodded its head,3,3,3,3,3,3,3,3
90,1630448831.5201986,The robot lifted both arms and said hi.,2,4,3,4,4,4,2,3
91,1630512286.9349253,"It began with a display of ""puppy eyes"" and then seemed to aquired lifeless eyes and then stopped.",2,1,4,2,2,3,1,4
92,1630512286.9349253,"It began with a display of ""puppy eyes"" and then seemed to aquired lifeless eyes and then stopped.",2,1,4,2,2,3,1,4
93,1630514384.4252708,The robot threw his arms up and then down and then nodded his head a few times. I would describe this as exasperation or maybe exhaustion. It might be more adequately either if the nodding is more exaggerated.,3,3,2,3,2,2,2,2
94,1630514784.702518,The lil guy bobbed his head like he was engaging in conversation,2,4,3,3,3,3,3,3
95,1630515062.8258655,confusion,1,1,3,3,3,3,5,3
96,1630515199.41789,"He waved at me, but seemed bored.",3,3,3,2,3,3,1,1
97,1630518561.3281024,It looked surprised and wide-eyed.,3,2,1,1,1,1,1,1
98,1630520960.1284945,angery,3,3,1,3,1,3,3,1
99,1630523958.2584994,The robot's eyes turned red and it waved at me.,3,3,4,4,3,3,4,3
100,1630525396.3391342,I saw the robot move its head up and download while blinking with wide eyes. It also waved its hand up and down,4,3,3,2,4,4,5,4
101,1630525628.3594124,"tilted its head, made pleading eyes",2,1,3,1,3,3,4,3
102,1630525750.0329669,"tilted its head and waved its arms a several times, eyes closing more each time. Looked as if it was falling asleep before my very eyes",3,1,5,2,5,3,1,3
103,1630525750.0329669,"tilted its head and waved its arms a several times, eyes closing more each time. Looked as if it was falling asleep before my very eyes",3,1,5,2,5,3,1,3
104,1630539504.4339836,"tossed hands up, looked frustrated",4,3,1,3,2,3,2,2
105,1630598075.8365965,Robot moved it's head up and down and eyes began to blink.,1,2,4,2,4,4,2,3
106,1630600653.376574,It was trying to show emotion for something adorable,2,5,1,3,4,4,3,5
107,1630601245.3423378,The robot leaned its head to both sides ad blinked with curiosity. ,1,1,3,4,3,5,4,5
108,1630601534.3583376,Sadness,3,2,4,1,4,3,2,3
109,1630604845.579712,The robot's eyes got wide and it nodded its head,4,3,3,2,3,2,4,3
110,1630608163.2936442,the robot was puzzled,1,1,1,1,1,1,1,1
111,1630609187.173964,"The robot was blinking and putting his little arms up and down, almost like a wave or a greeting.",2,4,3,4,4,4,3,3
112,1630609385.9630578,"The robot tilted his/her head to my left, nodded and blinked a few times. Seeming to see me sitting here and maybe a little curious about what I was doing. The light on its chest seems like a heartbeat and it looked like it sped up just a little bit while reacting.",1,2,4,5,3,3,4,4
113,1630614470.4521644,the robot seemed to greet me,2,4,4,4,4,3,4,3
114,1630614855.3578672,The robot rotated it's right arm forward and up.,1,4,2,3,2,2,3,3
115,1630679515.449226,"robot first looked down and to the side, it wiggled it's head a little, slight nods, then looked forward, blinking every few seconds. ",4,2,3,2,3,2,4,3
116,1630680537.3115191,"The robot raised an arm and looked around. I'd almost say it waved at me, then gathered some information about the room",1,2,4,4,5,5,2,5
117,1630685089.4474115,The robot nodded its head briefly and then cocked it from side to side. Its eyes blinked normally.,3,2,3,3,3,3,1,3
118,1631117750.6215043,I heard it say AAh!,4,3,3,2,2,2,5,3
119,1631125906.768537,"The robot said, ""Hey"" and moved its head up & down.",3,1,3,2,3,3,1,3
120,1631125906.768537,"The robot said, ""Hey"" and moved its head up & down.",3,1,3,2,3,3,1,3
121,1631134897.8837693,"confused
",2,2,2,2,3,3,3,3
122,1631134897.8837693,"confused
",2,2,2,2,3,3,3,3
123,1631134897.8837693,"confused
",2,2,2,2,3,3,3,3
124,1631134897.8837693,"confused
",2,2,2,2,3,3,3,3
125,1631134897.8837693,"confused
",2,2,2,2,3,3,3,3
126,1631134897.8837693,"confused
",2,2,2,2,3,3,3,3
127,1631138740.1669135,I saw a small wave and movement of the head. ,2,4,4,4,3,4,3,3
128,1631207959.0375462,Head move up and down. Arms move front to back,1,3,2,4,3,3,3,3
129,1631208073.7205338,One arm move. Make sound. Eyes turn into stars.,4,4,2,4,3,3,5,3
130,1632150044.0726156,Robot made some incomprehensible sounds and moved its arm up and down,2,3,3,3,3,3,3,3
131,1632157386.6163726,interest look,3,2,1,1,1,1,1,1
132,1632160253.1134846,"The robot seemed to put its hand out for a hand shake and said ""hi(?)""",1,1,3,3,3,3,4,3
133,1632173199.8614142,"The Robots eyes became super wide and looked at me as though it was surprised at what I had done. Kind of a ""what the heck are you doing. I can't believe you did that"" face. If there was movement then I did it wrong and only its head moved a little",4,3,3,4,3,2,4,4
134,1632173883.254045,"Made noises like ""hoi"" ""ha"" while looking mean and raising its left hand while looking right.",5,2,1,3,1,3,4,1
135,1632251303.130744,The robot nodded and its eyes got large. It made some sound when it nodded. Not exactly sure what it was saying though.,2,3,3,4,3,4,4,3
136,1632328290.1897418,"Sleepy expression, followed by tying to shake itself awake.",3,4,2,3,3,3,2,3
137,1632332672.783538,"It appeared as if the robot was mildly confused; shrugging and making a ""hm"" sound.",3,2,3,3,3,3,2,3
138,1632430150.8714724,The robot looked away and seemed worried,4,2,3,3,3,2,4,3
140,1633113666.652171,"Misty gives a hmm sound, eyes turn to stars, then are disinterested.",4,4,2,3,3,3,1,3
141,1633113802.5774832,"Makes a sound like, ""Um, hi."" Waves hand.",4,2,3,3,3,2,4,3
142,1633113921.4229386,"Eyes look unamused, bobs body up and down and moves arms a little. Eyes might be a little sad.Makes sound like, ""um, ha.""",3,3,2,2,2,3,2,3
143,1633114084.2323844,"Eyes are cheery, moves head up and reaches out arms like a baby wanting to embrace their mom.",2,4,4,4,4,5,3,5
144,1633114198.325101,"Says, ""Um."" Moves arms back and forth and nods head.",1,5,4,4,4,4,4,4
145,1633114293.3644223,"Looks to their right with interest, but is disappointed when understanding. Shrugs with arms and eyes turn sad.",2,4,3,1,3,3,4,3
146,1633114428.170059,"Goes crazy-eyed, cross-eyed and lifts arm. Lets go of arm and it swings until it stops.",3,1,3,3,3,3,4,3
147,1633114533.9120915,"Nods head and says something like, ""ah-hah."" Understanding, listening nod.",1,5,3,3,3,3,4,3
148,1633114614.2257187,"Makes a thinking sound, ""hmm"" and eyes look like its thinking and taking in what you said. Moves arm a bit.",1,4,3,3,3,3,3,3
149,1633114717.4240215,"Looks like Misty is extending arms for a hug, only to be ignored by the person. She looks diagonally downward with sadness.",2,4,3,1,3,4,4,4
150,1633114835.1903036,"Nods head, eyes look curious at first, then determined. Says, ""huh."" ""uh-huh.""",2,4,3,3,2,3,3,4
151,1633114961.7362325,"Moves right arm, nods, blinks, and makes a confirming sound.",2,5,2,3,3,3,3,3
152,1633115063.6494496,Quietly nods with lots of understanding,2,5,4,3,3,4,3,3
153,1633115063.6494496,Quietly nods with lots of understanding,2,5,4,3,3,4,3,3
154,1633115174.0588129,Goes starry-eyed while nodding.,1,3,3,5,4,4,4,5
155,1633115255.4350746,"Nods, moves arm, gives understanding eyes, then eyes look like they are in pain. Empathetic.",2,5,3,1,4,2,4,4
156,1633115364.642758,Made a huh sound and eyes went blank with fire in them. Reads desire for me.,3,2,3,3,3,4,4,5
157,1633120205.2276628,It made it's eyes turn into fire said hey and raised it's left arm ,3,3,2,3,2,3,4,3
158,1633120546.5143578,Said huh and wiggled it's head and arms slightly.,3,1,3,3,3,3,4,3
159,1633120657.322273,Said hah and blinked ,2,3,4,3,3,3,4,3
160,1633120744.4970305,Wiggled its head slightly. No emotion was really communicated.,3,3,3,3,3,3,2,3
161,1633120865.302385,It wiggled it's head up and down slightly ,3,4,3,3,3,3,2,3
162,1633120951.3193188,Said heh lowered its head then looked up and to the left before returning to neutral positon,4,3,2,3,3,3,4,4
163,1633121087.9112053,said hah mm and then moved it's head left and right and raised and lowered its arm ,1,4,3,3,3,3,4,3
164,1633121167.1908717,moved it's head slowly in a variety of directions.,2,2,3,3,3,3,3,3
165,1633121263.0270474,Said ah switched to angry eyes then looked up and switched to sleepy eyes.,4,3,2,3,3,3,3,1
166,1633121390.0391152,Switched to crazy red eyes while wiggling head slightly,3,2,3,3,3,2,3,3
167,1633121469.9040596,Raised and lowered it's arms twice then switched to sleepy eyes and said hah.,3,3,4,4,3,3,3,4
168,1633121562.3278737,Moved it's head upwards slightly,2,3,3,3,3,3,3,3
169,1633121634.426753,Said hah and riased and loered it's arm,3,4,4,4,3,3,3,3
170,1633121713.9411807,Said hah hah while raising and lowering it's head,3,3,3,3,3,2,4,3
171,1633121713.9411807,Said hah hah while raising and lowering it's head,3,3,3,3,3,2,4,3
172,1633121811.219514,made um sound while raising arms slightly and making happy eyes.,2,3,3,3,3,5,3,5
173,1633121890.2577372,"Said ah and um while moving its head left and then rigt, pupils where small.",3,1,2,3,3,3,3,3
174,1633121959.5246148,"Said ""ah"" while raising it's arm.",3,4,3,4,3,3,3,3
175,1633371901.3289552,confusion,2,1,4,3,3,4,4,4
176,1633372052.1952963,saying hi then getting pissed,2,3,1,4,1,3,4,4
177,1633372138.351581,curiosity ,1,2,4,3,3,4,4,3
178,1633372213.8699732,look of being caught doing something they know is wrong,4,4,3,1,3,2,4,3
179,1633372213.8699732,look of being caught doing something they know is wrong,4,4,3,1,3,2,4,3
180,1633372357.5351107,feeling awkward,4,3,3,3,3,3,2,1
181,1633372445.1713097,examination ,1,2,3,3,3,4,4,4
182,1633372521.4068458,head nod,2,3,3,4,3,4,3,3
183,1633372601.2845538,awkward hello,2,1,3,3,3,2,2,2
184,1633372708.3721068,sad goodbye,2,5,3,1,3,4,3,3
185,1633372777.6040866,awestruk,1,3,5,5,4,4,3,5
186,1633372844.241636,awkward,3,2,2,2,3,2,2,3
187,1633372936.077165,cheerful hello,1,4,4,5,3,3,3,3
188,1633372992.146664,trying to get a handshake but getting rejected,3,2,2,2,3,3,3,2
189,1633373096.044559,being happy to see someone/something,2,3,4,5,3,4,4,3
190,1633373176.7337463,surprised then embarrased,5,2,2,1,3,2,5,3
191,1633373282.5803473,surprise then anger,5,3,1,3,1,3,5,2
192,1633373363.4952807,confusion,2,1,3,3,3,3,4,3
193,1633373446.285606,surprise then fear,5,2,3,3,3,1,5,3
194,1633373531.5608878,confusion,2,1,3,3,3,3,3,3
195,1633446333.5487232,Moved its head around with its eyebrows raised as if looking to see where it was,2,1,3,3,3,2,5,3
196,1633446468.9574735,"Moved its left hand up and down as if waving, the eyes kind fo scrunched up then got really big as if surprised",2,1,2,4,3,2,5,3
197,1633446573.1403477,"Moved both its arms about 15 degrees up then back, the eyes scrunched as if in frustration then as if it was tired and had a long day",3,3,1,2,1,2,3,2
198,1633446685.4774597,"Moved its left arm back and forth, the eyes changed as if it was happy, then the eyes got really big as if it was surprised",2,3,3,4,3,3,5,3
199,1633446786.747238,Turned its head to the left about 45 degrees with its right eyebrow quirked up as if it was confused or curious ,2,1,3,3,3,3,4,3
200,1633446895.0888562,"This one was interesting, the head moved slightly up and down but the pupils of the eyes changed to symbols of fire as if angry",3,3,1,3,1,3,3,1
201,1633447004.1235714,"Moved its head down and to the left, the eyes got narrow and low as if tired or maybe bored",3,3,3,2,3,3,1,3
202,1633447096.9776754,"Head moved up and to the right, then the eyes got really big as the head moved towards the left",2,2,3,3,3,4,5,4
203,1633447196.8691113,Eyes blinked once or twice as the head moved up and down,2,5,3,3,3,3,4,3
204,1633447284.8529055,"This one was hard to decipher, the head moved up and down slightly as both arms shook back and forth once ",1,5,3,3,3,4,3,3
205,1633447381.3514805,Head shook up and down as the right arm moved back and forwad,2,4,3,3,3,3,3,3
206,1633447476.4029553,"Eyes got really large as the pupils looked towards each other, then they got small and curved downwards and the left arm came up to 90 degrees and stayed for about 2 seconds",4,4,4,3,3,3,5,4
207,1633447607.9290974,"Eyes got big and cross eyed, then turned into fire symbols as the right arm came up to 90 degrees as if pointing",5,2,1,3,1,3,5,2
208,1633447698.7296202,Eyebrows became big and heavy and tilted as the head shook up and down,3,3,1,3,2,3,3,2
209,1633447779.2477615,Both arms came up as the eyes narrowed in an upward curve ,3,3,5,5,4,3,3,3
210,1633447865.3484826,"Lots of eye movement, the eyes shifted to a cut off circle as the eyebrows changed into a squiggly line like a worm",5,3,3,3,3,2,3,1
211,1633447953.0254047,"Head moved up and down as the eyes got big and crossed, the pupils became different sizes and the eyes pointed n different directions",4,1,3,3,3,2,4,3
212,1633448057.9930336,"Head moevement up and down, the eyes got cut off on the top of the circle and curved downward",3,3,3,3,3,3,1,3
213,1633457038.4666128,"made noise, rose left arm. lowered arm, slightly shook ehad while making another noise. ",2,4,3,3,3,3,2,4
214,1633457168.7581222,"rose right arm, made noise, slightly shook head. ",3,4,3,4,3,4,3,4
215,1633457258.4857624,"closed eyes, nodded head slightly. ",3,3,3,3,3,3,1,3
216,1633457344.3243065,"looked down left, raided eyebrows. nodded head slightly",4,4,2,3,2,3,3,1
217,1633457344.3243065,"looked down left, raided eyebrows. nodded head slightly",4,4,2,3,2,3,3,1
218,1633457439.684826,"said ""huh"" looked up and right. straightened head, said ""hmm""",1,5,3,2,3,3,2,3
219,1633457539.4126232,"rose left arm, paused, lowered it. Said ""um"" while nodding head.",4,2,2,3,2,3,3,2
220,1633457618.434193,"eyes became stars, head moved around a bit. ",1,3,3,3,3,3,4,3
221,1633457697.3618047,nodded head very slightly.,3,4,3,3,3,3,3,3
222,1633457767.107413,"Red eyes, ""um"". Eyes turned happy, left arm went up and down.",5,2,3,5,1,3,4,2
223,1633457882.8702126,rose and lowered right arm while laughing once. Head turned up to the right. Eyes became flame and it moved forward slightly. ,1,1,1,3,1,3,3,3
224,1633457998.3932464,"moved right arm slightly, nodded head slightly, said ""huh?""",1,1,3,3,3,3,3,3
225,1633458073.6949112,"made noise, nodded head slightly. moved right arm slightly",3,4,3,3,3,3,3,3
226,1633458162.1123712,"rose arm, rose head up and right. made noise. closed eyes briefly. lowered head slowly.",2,5,3,2,3,4,3,3
227,1633458288.547366,nodded head very slightly. This is a repeated action I saw before.,3,4,3,3,3,3,3,3
228,1633458353.156978,"scrunched eyes, nodded head slightly. made noise. Rose both arms, then lowered them.",3,1,2,2,3,4,3,4
229,1633458481.906978,nodded head very slightly,3,4,3,3,3,3,3,3
230,1633458535.0984411,said 'hm' and nodded head slightly. ,3,4,3,2,3,3,2,3
231,1633458592.521924,"made noise, nodded head slightly. ",3,3,3,3,3,3,3,3
232,1633458663.4385052,"said ""hm"" and nodded head. Said ""ah"" and moved arm.",3,4,3,3,3,3,1,3
233,1633458731.9183874,nodded head slightly,3,4,3,3,3,3,3,3
234,1633458871.4134405,"nodded head, moved right arm slightly. looked down right.",2,3,3,3,3,3,4,4
235,1633532969.9875095,It said hi and its eyes changed.,2,3,3,3,3,3,4,3
236,1633533142.219311,"It had angry eyes and moved its head up a little. Then the eyes were surprised, and then the eyes had stars.",4,2,3,3,1,2,5,3
237,1633533276.0908246,"It moved its head up, had little heart eyes, and moved its arms a little bit",3,3,3,4,4,4,3,4
238,1633533354.0035388,It moved its head down a little bit and blinked a couple times.,3,2,3,3,3,3,2,3
239,1633533433.9682355,"It said ""hm"" and moved its head up and to the right. It also blinked a couple times.",2,4,3,3,3,3,3,3
240,1633533512.9649477,"It made a noise, moved both of its arms, and then just one arm. It also nodded its head.",2,4,3,3,4,3,3,3
241,1633533593.53465,"It turned its head to the right and said ""hm."" Then it moved its head back, the eyes changed to starts, and the arms moved a little bit. It nodded its head up and down.",4,2,2,3,3,3,4,3
242,1633533710.198118,It said something I could not understand and nodded its head slightly. ,2,4,3,3,4,3,3,3
243,1633533774.3522773,"It moved its head a little, had heart eyes that turned into eyes looking down and to the right. ",3,3,3,4,4,4,3,4
244,1633533888.7829428,"It said something, moved both of its arms up, and had squinty eyes.",2,3,4,4,4,4,3,5
245,1633533983.5189896,It moved its arms up and had surprised eyes. The eyes got bigger and it said a couple things I could not understand.,5,2,3,3,2,2,5,3
246,1633534090.5408156,"It moved its right arm, lifted its head, and made a questioning noise.",4,2,3,2,3,3,3,3
247,1633534172.2332745,"It waved at me, turned its head slightly and said something",2,3,3,4,3,3,3,3
248,1633534238.7022398,"It moved its arm, nodded a couple times, and said something ",2,5,3,3,4,3,3,3
249,1633534326.678559,It waved at me with its left arm nodded a couple times and said something.,2,3,3,4,3,3,3,3
250,1633534403.1337254,It said hm and turned its head. Then it turned its head down and had angry eyes.,2,1,1,3,1,3,3,2
251,1633534492.803137,"It moved both its arms up, moved them back down, and nodded sightly ",1,3,4,5,4,4,3,4
252,1633534568.4002564,It turned its head to the right and had cute little happy eyes.,2,3,3,5,4,4,3,3
253,1633534646.3991084,"It said ""hum"" a couple times, nodded slightly and looked to the right. Its arm moved a little too.",2,4,3,3,3,3,2,3
254,1633534729.9228733,"It was nodding its head and the right arm moved up. It had sleepy eyes, then loading eyes, then droopy eyes.",4,2,3,2,3,3,1,3
255,1633541165.900363,The robot tilted its head to the right and blinked a few times,3,1,3,3,3,4,3,3
256,1633541344.1531355,"The robot's eyes were half open and it said ""Oy, um,"" before lifting its left arm up with eyes wide open and left eyebrow up.",3,2,3,3,3,3,1,2
257,1633541553.9387417,"The robot squinted its eyes and said, ""Huh?"" and then lifted its left arm up with happy eyes.",2,1,3,5,3,3,3,3
258,1633541679.0314546,"The robot said, ""Huh?"" and moved both arms a little like a shrug. Then it said ""Um,"" with very wide eyes and moved its right arm a little.",3,2,3,3,3,2,5,3
259,1633541844.4334884,"The robot's eyes went wide and it said ""Oy,"" and moved it's head up ad down a little",4,3,3,3,3,3,5,3
260,1633541969.812961,"The robot moved its head up and down and said ""Ah,"" and then its eyes changed to tired looking ones for a second before changing back to normal",3,4,3,3,3,3,1,3
261,1633542140.1614635,"The robot moved its head up and down and said, ""Um,"" and then it's eyes changed to half-lidded ones for a second before changing back.",3,2,3,3,3,3,1,3
262,1633542341.779351,"The robot moved forward a little, tilted its head to the left, and said, ""Um.""",1,3,3,3,3,3,3,4
263,1633542450.1152313,"The robot gave heart eyes, nodded, and said, ""Aww.""",1,3,3,5,3,3,3,5
264,1633542570.8412504,The robot nodded its head up and down,3,5,3,3,3,3,3,3
265,1633542664.60911,"The robot's eyes changed to happy ones with the eyes close together, swung its arms forward, looked to the left, and said ""Hm, um.""",1,3,3,5,3,3,3,4
266,1633542794.8588035,"The robot's eyes widen to as big as possible, and it tilted its head and lifted both arms up.",5,3,3,3,3,2,5,3
267,1633542963.418151,The robot lifted its right arm up and moved its head up and down a little,2,4,3,3,3,3,3,3
268,1633543066.1846576,"The robot's eyes hanged to star eyes, tilted its head to the left, and siad, ""Aw"". Its eyes then changed to camera-lense eyes and said, ""Huh?""",1,2,3,5,3,3,3,3
269,1633619216.8158152,waved with its left hand and said some noises that i couldn't understand,2,3,3,3,3,3,3,3
270,1633619352.1404223,"said two short phrases, then made an angry face and moved its right arm slightly",4,2,2,3,1,3,3,2
271,1633619490.6481557,"eyes turned red with the two eyes being different, waved both arms slightly",3,1,3,3,3,3,3,3
272,1633619587.951288,"the robot said um and bent its head, moving its arms slightly",3,2,3,3,3,3,3,3
273,1633619661.7575846,"the robot said uh, um and turned its head slightly before moving both of its arms
",2,1,2,3,3,3,3,3
274,1633619760.2637863,the robots eyes changed to much larger eyes.,2,3,4,4,4,4,4,3
275,1633619862.4724507,the robot said 'hm' and changed its eyes to red concentric circles,4,2,3,3,2,2,3,3
276,1633619954.959712,the robots eyes became half lidded,3,3,3,2,3,3,2,3
277,1633620041.159956,the robot said 'toy' and its eyes changed to be the red concentric circles,4,2,3,3,2,3,4,3
278,1633620152.8247652,"the robot waved both of its arms and said something likes 'ah, toy'",1,3,3,5,4,3,5,4
279,1633620222.6689053,"the robot said 'ah', moved its head around and shifted its arms",2,4,3,3,3,3,4,3
280,1633620328.5905962,the robot nodded several times,3,5,4,3,3,3,2,3
281,1633620405.7291417,"the robot said 'ah, hm' and its eyes grew wider",2,4,4,4,4,3,3,3
282,1633620499.1311886,the robots eyes were half-lidded and it said toy,2,4,3,4,3,3,1,3
283,1633620571.425373,"the robots eyes were mostly closed, and it moved its head slightly",3,3,3,3,3,3,1,3
284,1633620656.0366485,"robot said um and made another noise, and made heart eyes",1,3,3,5,4,3,3,5
285,1633620750.5233858,the eyes were mostly closed and it sais toy,3,2,3,3,3,3,1,3
286,1633620845.964143,the robot moved its arms and said toy,1,2,3,3,3,3,3,3
287,1633620920.7354517,the robot moved its left arm and nodded slightly,3,3,3,3,3,3,3,3
288,1633628005.3116353,"slowly looked down and to the right then looked back up to neutral, blinking normally",3,3,3,2,3,4,3,4
289,1633628156.0732987,"moved its left arm slightly, eyes did a thing where there was a semicircle carved out of the bottom of them, nodded its head a few times",1,5,4,5,4,4,3,3
290,1633628292.9934604,"eyes briefly covered in hearts, wiggled its arms, nodded its head a couple times",1,4,4,4,3,5,4,5
291,1633628407.2778623,eyes squinted then became heart eyes then back to normal and blinked once. slight upward head movement accompanied each eye change and then reset,4,2,3,2,3,2,4,5
292,1633628609.5673847,raised left arm and held it there for a second. honestly looked like it wanted to shake my hand.,2,4,3,3,3,3,2,3
293,1633628747.4209776,"eyes very large and narrowed eyebrows, then drooped momentarily before returning to normal. head moved slightly up and down throughout",5,4,2,3,1,3,1,1
294,1633628898.864372,"raised arms and changed eyes, tilted head to the left, then dropped arms and eyes changed again. sort of hard to describe how the eyes actually looked",4,5,5,2,5,5,3,5
295,1633629044.181319,moved its head up and down a few times and rotated it to its left slightly before returning to center,1,5,3,3,3,3,3,3
296,1633629272.7166648,"looked to the left, then got big sad eyes and looked down and back to center",4,2,3,1,3,2,4,3
297,1633629368.3693397,"raised right arm slightly while tilting head to the left, then lowered arm then raised and lowered arm very quickly before setting head back to neutral and eyes changed to be a little narrowed. looked like it was explaining something and then seemed almost exasperated.",3,5,2,3,2,3,1,2
298,1633714386.0854883,raised both arms and made a noise then the eyes changed to different sizes like googly eyes then it made another noise and squinted it's eyes while bobbing it's head slightly,3,2,3,4,3,3,4,3
299,1633714647.3041143,waved arm a few times then had happy looking eyes and made a noise while bobbing head slightly,3,4,3,5,4,4,3,4
300,1633714783.9815032,turned head to the right a little bit and then back,3,3,3,3,3,3,1,3
301,1633714872.8076415,big eyes with a noise then raised both arms with happy eyes and another noise while raising head then wide eyes with small pupils and another noise,2,4,4,5,4,4,5,4
302,1633715053.9072936,bobbing it's head slightly and made a noise,3,3,3,3,3,3,1,3
303,1633715139.0192492,bobbed it's head slightly,3,3,3,3,3,3,1,3
304,1633715190.8151295,moved right arm slightly and bobbed head a little bit with googly eyes,3,2,3,5,3,3,4,3
305,1633715283.290808,moved head to the left and made a noise with wide eyes looking to the left,4,3,3,3,3,2,3,3
306,1633715408.594403,looked up then slowly lowered head,1,3,3,3,3,4,3,4
307,1633715473.10248,bobbed head slightly with tired looking eyes,3,3,3,2,3,3,1,3
308,1633715535.7624576,made a noise while looking to the right with wide eyes and slightly bobbed head,3,3,3,3,3,3,3,1
309,1633715633.3287342,bobbed head slightly and moved both arms a little with squinted eyes,4,2,3,3,3,2,3,2
310,1633715703.4518263,moved head to the right and raise right arm with disgusted looking eyes,3,3,3,3,3,3,3,1
311,1633715788.0152118,sad eyes and raised right arm a little,3,2,3,1,3,5,3,3
312,1633715845.5023184,wide eyes with angry eyebrows,3,3,2,3,1,3,3,3
313,1633715915.3675654,heart eyes,2,3,3,5,3,5,3,5
314,1633715969.9248605,raised both arms and bobbed head slightly with a noise,2,4,3,3,3,3,3,3
315,1633716032.837336,bobbed head and made a noise,3,2,3,3,3,3,1,3
316,1633716103.1285715,raised arms and made noise while looking to the right then had angry eyes and moved arms down and looked to the left,3,2,2,3,1,3,3,3
317,1633716207.6611726,wide eyes and tiny pupils with a noise,4,3,3,3,3,2,5,3
318,1633716268.0691075,made a few noises while raising right arm first then raised left arm then lowered left arm and then lowered right arm,3,2,2,3,3,3,4,3
319,1633977250.7178562,move its head up,3,3,3,3,3,3,3,4
320,1633977451.4465904,Made googly eyes and moved its arms then showed tired or sad eyes and looked around followed by normal eyes,5,2,2,2,3,2,5,3
321,1633977638.5221057,concerned eye followed by sad eyes and arm movement,4,1,2,2,3,1,3,3
322,1633977764.6601624,concerned eyes and tilted head and then moved its arm up an down,4,5,3,1,4,3,3,4
323,1633977872.9210277,moved its head a bit up and down,2,3,3,3,3,3,3,3
324,1633977955.4239037,nodding  followed by confused eye,1,2,2,3,3,3,4,3
325,1633978054.981058,lowered its head then had tired eyes and moved its arm,3,3,4,2,3,3,1,3
326,1633978190.0386946,angry followed by fire eyes and head and arm movement,5,5,3,3,1,3,3,3
327,1633978309.3861682,small arm and head movement as if it meant yes go ahead,2,5,4,3,3,3,3,3
328,1633978537.0455549,sad eyes followed by arm movement,3,3,3,1,3,3,2,3
329,1633978643.2708375,big round eyes while nodding,4,5,3,4,3,3,5,3
330,1634051418.5100408,"Eyes moved inwards, almost crosseyed. Head slightly nodded up/down",2,3,3,2,3,4,4,3
331,1634051802.9923444,Eyes moved down and to the center (cross eyed) and a slight head bob.,2,3,3,3,3,2,3,3
332,1634051936.2542384,"Star Eyes, and spoke 'ah' 'hmm' ",1,2,3,4,3,4,5,4
333,1634052112.3940723,Raised left hand and made a sound between 'ah' or 'ha',1,4,4,4,5,3,3,4
334,1634052271.4768937,Slightly began to lift both arms up with a slight head bob. Then lowered them,3,2,3,3,3,2,3,2
335,1634052433.9245515,"Eyes red, narrowed, centered and downwards, and left pupil larger. Slight movement forwards",5,3,2,3,1,3,4,2
336,1634052609.0090027,Spoke hmm. Paused. Raised right arm and said hmm again while looking upwards,1,2,2,4,3,4,3,3
337,1634052757.5916982,Half-moon eyes (like sleepy) and then lifting eyes up with outer bottom corner of eye missing (like big cheeks),2,3,4,5,5,3,2,4
338,1634053029.752116,"Raises left arm, says hi, and looks down and to the left.",2,3,3,3,4,3,3,3
339,1634053125.043595,"Spoke 'um', slightly raised right arm and then lowered it.",3,2,2,3,3,3,3,3
340,1634053246.325546,said something like ah ah and looked to the side,3,3,3,3,3,3,3,3
341,1634053403.460427,cheeks up to eyes and 'um',3,3,4,4,3,3,3,3
342,1634053541.7684357,"Eyes move to middle (center cross eyed), slight head moves upward",3,2,2,3,3,4,3,3
343,1634661469.926618,"slightly moves head up and down three times, first with eyes that looked very wide open and looking down to the right, then with heart eyes that looked very happy",4,3,4,4,3,3,4,4
344,1634661819.2856464,"eyes got sleepy and right arm moved up, held for a second, then moved back down and swung into place slowly while head kind of moved up and down as if to say ""yes""",2,3,4,3,3,3,2,3
345,1634662001.7400482,"eyes got red and looked shocked or alarmed (like something hurt really bad), then got sleepy (like a cartoon with stars around their head), then got upset and had fire in them
",5,2,2,3,1,3,5,2
346,1634662316.5213475,simply blinked and nodded head up and down,3,4,3,3,3,3,3,3
347,1634662408.658322,"nodded head up and down and left arm jolted forward a bit, only blinked at the end",3,4,3,3,3,2,3,3
348,1634662545.9715052,"Looked to right with wide open eyes, slowly, blinking once

Then eyes changed to yellow with stars, surprised-looking eyebrows

",5,2,3,3,3,1,4,3
349,1634662709.1042411,"Looked down to right, twitched arms forward a bit, cocked head to side while bringing it back up to center

blinked several times, like kid with eyes wide open learning something new",1,2,3,3,3,3,4,3
350,1634662884.067001,"Nodded head up and down, blinking, like saying yes",1,5,3,3,3,3,3,3
351,1634663002.0841932,"nodded head up and down, blinking in the middle of nod",1,5,4,3,3,3,3,3
352,1634663140.0394049,"started with very happy eyes, practically smiling

then eyes jolted to left and head cocked to the left and down, looked focused and engaged

while still looking down to the left with focused eyes, right hand jolted up and pointed forward while head moved back to center",5,2,3,5,4,4,4,2
353,1634663336.6974292,"right arm jolted/twitched and eyes became very big and concerned-looking, head bobbled up and down slightly",5,2,2,3,3,1,5,2
354,1634663465.5010808,"left arm twitched forward slightly, head nodded up and down, neutral eyes",2,4,3,3,4,3,3,3
355,1634663586.363921,"eyes got big, then got even bigger and pupils got smaller as head cocked to the right a bit",4,1,3,3,3,1,5,3
356,1634751801.053143,Appeared as if it was listeing to me and giving non-verbal feedback,2,4,3,3,4,4,3,3
357,1634752058.4276173,Didn't appear interested and was tired,3,2,2,3,3,3,1,2
358,1634752189.764547,Confused and afraid,2,1,2,2,2,1,3,3
359,1634752347.1792922,The eyes made it look shocked and afraid ,4,4,2,3,3,2,4,3
360,1634752510.92314,Appeared very interested in what was going on and gave verbal feedback,1,5,4,3,3,3,4,3
361,1634752635.9282796,Shoked and surprised then to fear,5,2,2,3,2,1,5,3
362,1634752744.9531102,Interest and then suprised,1,4,4,5,5,4,5,3
363,1634752836.2348702,Showed little interest and was tired,3,2,2,3,3,3,1,2
364,1634752921.2308834,Showed some interest but was tired and not fully involved,3,2,2,3,3,3,2,3
365,1634752988.2858872,Interested in the interaction ,1,4,3,3,4,4,3,3
366,1634753069.0889854,Surprised and shocked ,4,4,4,4,3,3,5,3
367,1634753163.5334818,Tired then shocked and mad,5,2,1,2,1,2,5,2
368,1634753243.7523024,Very neutral with some suprise,3,4,3,3,3,3,4,3
369,1634753332.1809576,Happy and understanding,2,5,4,5,4,4,4,5
370,1634753397.3482592,Surprised and very angery,4,2,1,2,1,2,4,1
371,1634753498.385864,happy and tired,1,3,4,5,5,4,4,3
372,1634753573.7007422,Very interested and trying to understand,1,5,3,3,3,3,4,3
373,1634753652.9495904,Very little expression but sounds suprised,4,2,3,3,3,2,5,3
374,1634753720.1034422,Some interest but not much expression,2,4,3,3,3,3,4,3
375,1634753818.4788034,Pointed at me and was mad,4,2,1,2,1,3,4,2
376,1634753880.4896858,interested in me and waved hello,1,4,3,4,4,4,5,4
377,1634753880.4896858,interested in me and waved hello,1,4,3,4,4,4,5,4
378,1634753993.3850896,very happy and inviting me in for a hug,1,5,5,5,5,5,4,5
379,1635184369.6225023,The robot waved at me and tilted its head.,1,2,3,3,3,3,3,3
380,1635184695.40299,The robot moved its head towards me and then looked away.,1,1,3,3,3,3,3,3
381,1635184773.5666318,The robot looked up and down repeatedly.,3,3,3,3,3,3,3,3
382,1635184825.3543909,The robot looked up and down repeatedly. The left arm slightly moved.,3,3,3,3,3,3,3,3
383,1635184881.2084932,The robot pointed its arm forward and then returned it back.,4,2,3,3,3,3,4,3
384,1635184960.580176,The robot tilted its head to the side.,1,2,3,3,3,3,2,3
385,1635185012.8651595,The robot moved its head up and down slowly and raised its arm slightly.,5,2,3,3,3,3,5,3
386,1635185101.3771677,The robot waved at me. Its eyes were low and then were opened but the eyes looked tired.,3,3,3,3,3,3,1,2
387,1635185254.1193843,Its eyes changed to be more excited.,1,3,3,3,3,5,5,3
388,1635185321.9667175,The robots eyes were low and it waved at me.,3,3,3,3,3,3,1,3
389,1635185381.8152995,"The robots eyebrows frowned at me, and then its arm pointed towards me.",5,3,2,3,1,1,3,1
390,1635185477.6595027,The robot lowered its arm and blinked at me.,4,2,3,3,3,2,3,3
391,1635185542.5867436,The robot slightly moved its arm and then tilted its head upwards and then back down.,1,1,4,3,4,4,3,4
392,1635185627.4692738,"The robot squinted its eyes at me, waved its arm, and then its eyes turned into a camera aperture looking graphic.",5,1,4,3,3,2,5,1
393,1635185724.9163182,Its eyes changed into a kind of sneering gaze as it tilted its head to the side and toward me.,3,1,1,3,3,3,2,1
394,1635185807.9881852,The robot moved its head up and down repeatedly and then tilted its head to the side.,1,1,3,3,3,3,3,3
395,1635185876.5506115,"The robot quickly moved both its arms forward then back, and it turned its head away from me.",5,3,3,1,3,1,3,1
396,1635185988.4295025,The robot slowly turned its head forward with sullen eyes.,3,3,3,1,3,3,3,3
397,1635186060.949147,It had woozy eyes that turned cheerful as it tilted its head side to side while moving up.,1,2,5,5,5,3,4,3
398,1635186146.2364855,The robot squinted its eyes at me.,5,1,3,3,3,3,5,2
399,1635186210.0541382,The robot moved its arm in a jerky motion as it tilted its head sideways. Its eyes were dazed.,5,2,3,2,3,3,5,3
400,1635186295.1572285,It moved its arm slightly forward and had woozy eyes. It tilted its head slightly forward.,3,2,3,3,3,3,4,3
401,1635186387.1511445,The robot moved its head forward and pointed forward.,1,2,3,3,3,4,3,3
402,1635203095.111876,It waves its hand.,1,5,5,5,5,5,5,5
403,1635203186.8834236,It nodded its head.,1,5,5,5,5,5,5,5
404,1635203344.2732344,It moved its head and waved hand.,1,5,5,5,5,5,5,5
405,1635203525.3310826,It nodded its head.,1,4,4,4,4,4,4,4
406,1635203525.3310826,It nodded its head.,1,4,4,4,4,4,4,4
407,1635203628.7176578,It moved its right hand.,1,3,3,3,3,3,3,3
408,1635203895.0712729,It nodded its head.,3,3,3,3,3,3,3,3
409,1635203969.4536915,It nodded its head longer time.,1,4,5,5,4,4,4,3
410,1635203969.4536915,It nodded its head longer time.,1,4,5,5,4,4,4,3
411,1635204041.137763,It showed little reaction.,3,3,3,3,3,3,3,3
412,1635204041.137763,It showed little reaction.,3,3,3,3,3,3,3,3
413,1635204330.5657358,It nodded its head and waved both hands.,1,5,5,5,5,5,5,5
414,1635204460.8438673,It waved its hand.,3,3,3,3,3,3,3,3
415,1635204460.8438673,It waved its hand.,3,3,3,3,3,3,3,3
416,1635204542.3383884,It slightly nodded its head and moved right hand.,1,5,3,3,3,3,3,3
417,1635204655.543477,It nodded its head.,3,3,3,3,3,3,3,3
418,1635204773.0229998,It slightly moved its right hand only.,3,3,3,3,3,3,3,3
419,1635293588.5640986,"Nodded a few times, eyes turned red, right hand lifted",4,1,2,3,3,2,3,3
420,1635293947.0692692,"raised right arm then swung it a bit on its side, glanced up and down",2,4,3,3,3,3,3,3
421,1635294080.4194498,"sounds: repeated two sounds (not identifiable) 1-2 seconds apart

eyes: changed from worried to sad/sleepy to alert

head: slight nods

arms: both raised slightly",5,3,3,1,3,1,3,3
422,1635294286.758656,"sounds: ""um"" with uncertain tone

eyes: alert

arms: no movement

head: slight nodding

",2,1,3,3,3,3,2,3
423,1635294449.9604766,"sounds: sound made after arms lowered (not identifiable)

eyes: sad, then returned to alert

arms: raised outward

head: slight nodding",1,5,3,1,3,3,3,3
424,1635294595.054977,"sounds: repeated sound twice (not identifiable)

eyes: sad to agitated to confused/worn out then returned to alert

arms: raised both arms when agitated, both lowered, then raised left arm towards observer

head: turned and tilted toward observer",5,1,1,2,2,3,3,3
425,1635294819.5695004,"sounds: one sound (not identifiable), tone was normal

eyes: alert to confused/worn out to fear then back to alert

arms: slight raising of both arms

head: slight nodding",5,1,3,1,3,1,5,3
426,1635294979.0070925,"sounds: ""um"" with uncertain tone, followed by sound (not identifiable) with inquiring tone

eyes: alert and widened

arms: raised outward

head: looks upward with arms extended",4,1,3,3,3,4,3,5
427,1635295167.4980917,"sounds: ""hm"" with understanding tone

eyes: alert and widened at the end

arms: no movement

head: slight nodding",1,5,4,3,3,3,3,3
428,1635295262.2302427,"sounds: no sound

eyes: alert with eyes binking

arms: no movement

head: slight nodding",2,4,3,3,3,3,3,3
429,1635295353.519434,"sounds: sound (not identifiable) with inquiring tone

eyes: looking toward object of interest when raising arm, then eyes lowered and looking in opposite direction, then right eyebrow raised

arms: right arm extended outward

head: slight nodding and tilt to left",1,2,2,2,3,2,3,5
430,1635295531.2196715,"sounds: two sounds (not identifiable) certain tone

eyes: seeing fire, anger, confusion, alert

arms: slight raised when angry, both raised when confused

head: slight nodding when angry, then tilting when confused",1,1,1,3,1,3,3,3
431,1635354527.601015,The robot seems welcoming and interested in interacting with me.,1,4,4,5,4,5,3,5
432,1635354852.4328065,"I did not quite understood the kind of emotions the robot showed this time. However, it sounds like a good gesture.",2,3,5,3,3,3,3,3
433,1635355115.0652068,The robot seem to be angry this time and not ready to interact. It showed a gestured of looking elsewhere while blinking the eyes in disgust. It seems Misty is bored this time.,5,2,2,3,1,3,1,1
434,1635355430.083009,This time Misty seems to be confused about something and not wanting to show interest in talking about. The gesture also seem like Misty is angry or disgusted at something as it seems to be looking at me sternly from top to down while and also made the sound hmmm.,4,1,2,2,1,3,1,1
435,1635355818.9215765,This time Misty seem to be frustrated or bored. It showed no interest as it makes the sound Aaarrhh. The gesture seem like a gesture I will make if a friend is disturbing me.,3,1,1,2,1,3,1,1
436,1635356092.3091116,Misty seems very surprised this time.,3,3,3,3,3,3,5,3
437,1635356221.2727692,Misty seems angry as it seems to be looking at me from an by bending the neck. The gesture from Misty's eyes is also a sign of anger and disgust. It also seems to be looking at me sternly.,4,3,3,3,1,3,1,1
438,1635356521.0011466,Misty looks interested and understanding. It showed the gesture of nodding the head in agreement.,1,5,4,3,3,3,3,5
439,1635356706.7092268,"Misty seems to showed understanding, interest and gratitude at the same time. The gesture seems welcoming.",1,5,4,3,4,3,3,3
440,1635523112.9619749,the robot stretched its hand and gave a sign of approval,1,5,4,5,5,5,4,4
441,1635523364.3388913,the robot nodded its head and gave a sign of delight in form of 5-star,1,5,5,5,5,5,5,5
442,1635523534.8294103,the robot showed something like a frowned emotion,1,5,2,2,1,2,2,2
443,1635523644.376295,the robot stretched its hand and said 'hi' with a cheerful face,1,5,5,5,5,5,5,5
444,1635523768.7486453,the behavior is similar to a frown face,4,2,2,2,2,2,1,2
445,1635523897.1679957,the robot stretched its hand forward and turned away,3,3,3,3,3,3,3,3
446,1635524052.5760107,the robot stretched its two hands forward and gave a surprise look,1,5,4,4,4,4,5,4
447,1635524171.80934,the robot streched its hand forward and gave both delight and surprise emotions,2,4,4,4,4,4,4,4
448,1635524297.722159,the robot gave the emotion of someone who is in love  ,1,5,5,5,5,5,5,5
449,1635524412.91147,the robot said hi but not with a delight ,2,4,4,4,4,4,4,4
450,1635531949.2411757,Looked gently to her right,1,3,3,3,3,4,2,3
451,1635532170.3546004,"She raised her right arm slightly and made a worried/surprised expression. Repeatedly bobbed her head, but not enough to be a nod. Like a cringe.",5,1,2,1,3,2,5,2
452,1635532290.7341018,"Made weird expression (eyes had hearts), gently nodded and waved with right arm.",3,4,3,4,4,3,4,4
453,1635532394.9521468,"Eyes widened, looked down/right, and lightly moved head. Like she noticed you do something mildly annoying.",4,2,2,3,2,3,2,2
454,1635532495.5759778,She looked to the left and very lightly nodded.,2,3,4,3,3,3,2,3
455,1635532581.487057,"She moved both arms forward as if offering a hug, put them down, paused, then gave me a weird sad expression with squinted eyes.",2,2,3,1,3,2,3,3
456,1635532705.448953,She very gently nodded. almost nothing.,2,4,3,3,3,3,2,3
457,1635532775.308344,"Offered both arms forward for hug, looked up, then gave star-eyes.",2,4,4,5,4,4,3,4
458,1635532876.630818,"Gave droopy-eyes and had trouble keeping head up, like she's tired. Gently moved left hand.",2,3,3,2,3,3,2,3
459,1635533002.2071605,She gently nodded her head again. Almost nothing.,2,4,3,3,3,3,3,3
460,1635533065.949463,"Once again looked down and the left and nodded her head, as if you just did something mildly annoying.",3,4,1,2,2,3,2,2
461,1635533151.2743251,"Worried eyes, gentle nod, and slight arm movement.",4,2,3,2,3,1,3,3
462,1635533151.2743251,"Worried eyes, gentle nod, and slight arm movement.",4,2,3,2,3,1,3,3
463,1635533233.0467973,"She moved her arms, then offered her left arm as if to shake hands, bowing her head.",2,4,4,3,4,3,2,4
464,1635533367.7813962,"She offered her right hand, looked right, paused, then offered her left hand with aperture-eyes. No clue what she's trying to say with this one.",2,4,4,3,3,3,3,3
465,1635786931.283174,"Said something close to a ""Hi"" but not really, Nodded their head a few times but didn't move anything else",4,3,3,3,3,3,3,3
466,1635787249.2057462,"Nodded their head a few times, said ""hey"", made a surprised face and then went back to default, slightly moved their right arm but not enough to draw attention",2,3,3,3,3,3,4,3
467,1635787461.5760276,"Said ""Hm?"" and ""Uh"", Looked over to their left, moved their right arm a few times and nodded",2,2,3,3,3,3,4,3
468,1635787606.199501,"Moved their head diagonally to the bottom right, seemed like moving their head like that was difficult, said ""Um""",4,2,3,2,3,2,3,3
469,1635787774.1071825,"Didn't move as much, didn't say anything, just nodded",3,4,3,3,3,3,3,3
470,1635787884.1979034,"Said ""Huh"", made a cheerful expression, nodded and tried to move both of their arms up",2,4,4,4,3,3,3,3
471,1635788007.7600622,"Moved their head diagonally to the top left, Said ""Um, Huh, and Hey"" kinda in that order, Made three faces; surprised, tired, and then made what seemed like camera lens for eyes",4,2,3,2,3,2,2,3
472,1635793253.7075171,Greeting ,3,3,4,2,3,2,2,3
473,1635793556.2197733,Agreeing ,3,4,3,2,4,2,3,3
474,1635793657.0961187,Welcoming ,4,4,3,3,4,4,3,4
475,1635793746.7843857,Confirming ,2,2,3,2,3,3,2,3
476,1635793853.143711,Greeting but sad ,3,3,3,2,3,3,2,3
477,1635794002.9874015,Welcoming ,2,4,3,3,4,4,3,4
478,1635794146.6971858,The robot is annoyed.,3,3,3,3,2,3,2,3
479,1635794311.916531,It is confirming ,2,4,4,3,4,4,3,4
480,1635794406.6336322,It is like pointing on something ,3,2,3,3,3,3,3,3
