Timestamp,Description,Interst/Alarm,Confusion/Understanding,Frusteration/Relief,Sorrow/Joy,Anger/Gratitude,Fear/Hope,Boredom/Surprise,Disgust/Desire
1617916551.1008368,It went to investigate a thing it saw,1,1,3,3,3,4,4,5
1619714005.860615,drove forward for a bit and then turned to his right for a bit,2,3,3,3,3,3,3,3
1619714075.446155,"just drove forward, made a little sound at the end?",2,3,3,3,3,3,3,3
1619714179.4086607,drove forward fairly quickly and then turned to his right and looked up. ,1,3,3,3,4,4,3,4
1619714262.2873745,looked down squinted eyes and then looked forward again. I would say looked suspicious of something,2,2,3,3,3,3,3,3
1619714376.563459,"lifted front part up, moved forward and turned, made a sound that sounded kind of like 'boo' twice.",4,3,3,3,2,3,4,3
1619714528.7705612,"looked up, lifted front bit, made a couple noises",2,3,3,3,3,4,3,5
1619714617.0204914,"drove forward a bit and then looked down. Replay robot behavior did nothing, I am a little confused",3,3,3,3,3,3,3,3
1619714617.0204914,"drove forward a bit and then looked down. Replay robot behavior did nothing, I am a little confused",3,3,3,3,3,3,3,3
1619714743.402876,"drove forward, turned to his right, looked up, made a sound",1,2,3,3,3,3,3,4
1619714822.1665943,"drove forward, look up, then down, then neutral",1,2,3,3,3,3,3,3
1619714886.7846465,moved forward lifted arms then looked down,2,3,3,1,3,2,3,3
1619714962.1140523,"lifted arms and looked down, turned slightly right, looked back up again.",1,2,3,3,3,3,3,3
1619715039.5221138,"turned away and lifted arm thing in front of face, looked embarassed",3,3,3,2,3,2,3,3
1619715121.25564,moved forward and turned,3,3,3,3,3,3,3,3
1619715184.978975,"moved forward, lifted arms, looked up, made sound",4,3,2,3,3,3,3,3
1619715256.866802,"looked down, made sound, lifted arms slightly",3,3,3,3,3,3,4,2
1619715320.784347,lifted arms a bit,2,3,3,2,3,3,3,3
1619715413.37127,"arms moved down, eyes went very squinty, made sound, looked up, moved forward more. Looked suspicious of me",1,3,3,3,1,3,3,3
1620329437.6045663,Cosmo raised his arms and then turned away from me. He looked sort of bored/uninterested in me,3,3,3,3,3,3,2,3
1620329539.6879778,Cosmo sort of moved his head down and kept looking around. Didn't do much. Kind of appeared that he was examining something for a minute,2,3,3,3,3,3,3,3
1620329641.408831,Cosmo moved his head up and his eyes got big as if something surprised/shocked him. He then sort of squinted as if he was examining further to determine what was going on/what he was seeing.,1,2,3,3,3,3,5,3
1620329736.1284716,Cosmo raised his head up and started moving in a circle. It kind seemed like he was stoked about some news he just got or something.,3,3,3,4,3,3,3,3
1620329736.1284716,Cosmo raised his head up and started moving in a circle. It kind seemed like he was stoked about some news he just got or something.,3,3,3,4,3,3,3,3
1620329831.7630644,"Cosmo raised his arms and starting moving forward and said what sounded like ""yeah!"" He definitely seemed to be cheering",3,3,4,5,4,4,3,3
1620329903.5346937,Cosmo looked down as if he was examining something. Then his eyes got big as if whatever he saw surprised him.,2,2,3,3,3,3,4,3
1620329983.1065888,Cosmo didn't appear to do anything,3,3,3,3,3,3,3,3
1620330046.6468463,"Robot appears to have encounterd an error, it is not functioning",3,3,3,3,3,3,3,3
1620330546.906945,Cosmo turned to the right and seemed to make sound as if he was asking a question/puzzled.,2,2,3,3,3,3,3,3
1620330614.639489,Cosmo raised his arms up and looked at something. He then moved toward it and lowered his arms.,2,3,3,3,2,3,3,3
1620330688.566884,Cosmo moved toward something and acted like he picked it up so he could get a closer look at it. In general he seems as if he is always quite inquisitive with his eye expressions.,2,3,3,3,3,3,3,3
1620330778.160888,Cosmo just kind of moved his head a little. Not much else.,3,3,3,3,3,3,3,3
1620330845.463611,Cosmo moved his head down and let out a little quack noise.,3,3,3,3,3,3,3,3
1620330911.8891037,Cosmo raised his head to look at me and then raised his arms and moved toward me. The then lowered both his head and his arms. It was almost like he was trying to give me something.,3,4,3,3,4,3,3,3
1620330996.1768625,Cosmo let out what sounded almost like a sigh. He then put his arms up and looked down at the ground. It felt like he was maybe saying sorry or was just kind of giving up.,3,3,2,1,3,3,3,3
1620331081.1508348,"Cosmo raised his arms up and moved slightly to his left. The sounds he was making made it seem like he was saying ""here"" and trying to give me something.",3,4,3,3,3,4,3,4
1620331175.9734638,"Cosmo put his arms down and moved in a semicircle and seemed to say ""huh"" as if he was looking for something. He then continued his circle as if searching.",3,1,2,3,3,3,3,3
1620932509.1249688,NA,2,2,3,2,3,3,2,3
1620932710.6159298,Moved right and dropped lift. Made sad/bored noise.,3,2,3,1,3,3,2,3
1620932710.6159298,Moved right and dropped lift. Made sad/bored noise.,3,2,3,1,3,3,2,3
1620932829.139799,Slight moved lift. Eyes made intrigued expression. No noise.,2,2,3,3,3,3,2,3
1620932951.6049461,"Squinted eyes while looking upwards. Made a ""oh"" sound, like it was understanding something.",1,2,4,4,4,3,3,3
1620933067.640779,Eyes alternated growing larger and moving upward. No other movement.,1,2,3,3,3,3,3,3
1620933187.2239127,Eyes alternate growing larger and moving upward. No other movement.,2,2,3,3,3,3,3,3
1620933790.7912734,"Moved forward, and looked up. Then made a ""oh"" sound, and looked down.",2,2,3,2,3,3,2,2
1620933790.7912734,"Moved forward, and looked up. Then made a ""oh"" sound, and looked down.",2,2,3,2,3,3,2,2
1620933985.5401208,"Said ""eoh"" and then ""aw', while moving forward and sight raising lift.",2,4,4,4,3,4,4,4
1620934120.2088678,"Looks up and moves forward. Then makes slightly sad sound, before looking down.",3,2,2,1,2,3,2,2
1620934221.225111,Raises life while make face that looks like it is struggling.,4,3,3,3,3,3,3,3
1620934364.0372007,Raises lift up and down quickly.,4,2,1,2,1,3,4,2
1621366843.7976303,"he turns away from me and says something like ""oh yeah"" or ""come here""",3,3,2,3,3,3,2,3
1621366945.5782313,"he drives towards me and lifts his ""arms"" as if he wants to give me something. he makes a sound that sounds like ""here you...""",3,3,3,4,3,3,3,3
1621367072.9354773,"he turns left 90 degrees and says ""where"" or ""here"" then turns another 90 deg. in the same direction and says ""hmm?"" as if he is looking for something.",2,1,3,3,3,3,4,3
1621367195.24386,he looks up and his eyes wander as if he looks for something in the sky,1,2,3,3,3,3,3,3
1621367648.2458076,made big eyes and moved head up,4,2,3,3,3,2,3,3
1632149905.7816653,The robot moved a short distance from where it was and the raised its arm a little.,2,3,3,3,3,3,3,3
1632157551.1262424,Eye movement like curious ,3,5,2,3,3,3,2,2
1632160016.312735,He moved forward and moved his arms up and down.,2,3,2,3,3,4,3,4
1632165306.4015794,"The robot moved off the charger, made a sound, and moved somewhat near the edge of the table.",4,3,3,3,3,3,3,3
1632173681.270363,Came forward and raised its arms up then back down.,1,1,3,2,3,3,2,3
1632242471.8809865,It went forward and made a sad sound.,3,2,3,2,3,3,2,3
1632251439.4356546,The robot lifted its arms and looked around. It seems like it was curious or confused or afraid. It may have been trying to hide its face.,4,2,3,3,3,2,4,2
1632328450.1190789,"Shifting eyes, generally curious expression, rolled out of charger to look at the participant.",1,2,3,4,3,3,5,3
1632331562.7259362,"It moved off its pad, raised up its arm, and moved to my right  but found nothing.",1,1,3,3,3,3,5,3
1632332804.2331758,"It appeared as if the robot was taunting me, raising it's appendage and making a sound similar to that of ""Kachow""",3,4,3,3,3,3,4,3
1632336869.8345375,It moved slowly and then hanged its head,3,4,2,1,3,3,1,3
1633111512.535274,"Cosmo lifted his handle jaggedly, moved his head down, gave a look of confusion/frustration and lowered his handle.",3,1,2,3,3,3,2,3
1633111764.6093118,"Cosmo tilted his head down slightly, however replaying the robot behavior has no movement, only a mechanical sound",4,4,2,2,2,2,2,2
1633111934.3462574,Cosmo curiously said hello and lifted his handle.,1,3,4,4,4,5,5,4
1633111934.3462574,Cosmo curiously said hello and lifted his handle.,1,3,4,4,4,5,5,4
1633112060.5559237,"Cosmo lifted his handle and squinted his eyes, sort of like a shrug.",3,2,2,3,2,3,2,3
1633112167.4213157,Cosmo lifted his head to look at something,1,2,3,3,3,4,4,4
1633112259.4704072,Cosmo lifted his handle and drove forward with his head up,2,5,4,3,4,4,3,5
1633112382.215731,Cosmo drove forward and lowered his handle to the ground,3,2,2,2,3,3,2,4
1633112480.6485796,Turned a smidge,4,2,3,3,3,3,4,3
1633112570.3714707,"The first time it played the behavior it was different. It lifted his handle all the way up, while now it moves it just a little. Cosmo made a sound as if he was asking a question, or confirming something with you.",4,2,3,3,3,3,5,2
1633112737.805321,Lifted head and handle a little bit.,2,4,2,3,3,3,3,3
1633112808.0759268,"Cosmo lowered his handle to the table. Replaying the behavior has him do nothing, probably because his position isn't reset.",2,4,2,2,3,4,2,3
1633112933.9976113,"Turned a bit, made a sound like asking a question, and lifted his handle to the top.",5,2,3,3,3,2,5,3
1633113048.544654,"Cosmo's jaw dropped (rather, his handle) and he went bug-eyed and made a sound like, ""what.""",4,2,3,3,3,3,5,2
1633113160.3533618,"Lifts his handle, looks up, then turns 180 degrees",3,2,1,3,2,3,2,2
1633113255.7768486,"lifts handle to top, lowers head, turns 90 degrees",2,2,4,3,3,3,4,3
1633113360.1150336,"lowers handle, moves forward and makes a question-like sound, then he figures it out with another sound when moving forward and looking up.",1,5,5,4,4,3,4,3
1633113482.4433959,tilts head down,3,4,4,2,3,4,3,4
1633113551.5419364,turns 180 degrees and moves head to neutral,2,3,3,4,3,3,3,3
1633118363.4047163,"It moved it's head down slightly in 2 increments, and made a small descending noise. It seemed to fill the role of a conversational filler demonstrating understanding.",2,4,4,3,4,3,2,3
1633118581.4060125,"It rotated it'self in a clockwise direction, raised it's arm and made a high pitched phoneme ""a"" then lowered it's arm and made a lower pitched phoneme ""e"". Maybe just slightly board?",3,3,3,3,3,3,2,3
1633118729.882715,"It looked down with it's arm raised and started moving, stopped moving then lowered it's arm while simultaneously raising it's head.",3,3,3,2,3,3,2,3
1633118854.3597655,it moved forward slightly then slowly raised it's head.,2,4,3,3,3,5,3,5
1633118947.686633,"It moved forward made an ""ah"" sound, then stopped and lowered it's head. Seemed disappointed. ",3,4,2,2,3,3,2,3
1633119050.2864125,It turned in a wide radius in the clockwise direction and then raised it's arm.,2,3,3,3,3,4,3,4
1633119150.6286294,"IT moved forward raised it's head, made an ah sound, turned and then lowered i's head",2,3,2,2,3,4,3,4
1633119244.3788834,It raised it's arm a tiny bit. Not much emotion associated ,3,3,3,3,3,3,2,3
1633119334.2058632,"It turned around from me, and ran into the edge of it's charging dock before lowering it's arm and making a noise lowering in pitch.",4,1,3,3,3,3,4,3
1633119469.5797303,It performed no visible or auditory action.,3,3,3,3,3,3,3,3
1633119616.5268602,"Moved in a counter clockwise direction paused said ""hoi"" continued moving, stopped, then said ""hoi"" again.

",1,3,3,4,3,4,3,3
1633119771.7305896,"Did a little zig zag and said ""hmm?"" between the zig and zag",1,2,3,3,3,3,4,3
1633119859.6195972,"Made a ""Ahhm"" noise and raised it's arm.",3,3,4,3,3,3,1,3
1633119934.0756958,"Moved forward, raised it's arm, then lowered it's arm and lowered it's head.",3,3,3,1,3,3,2,2
1633120004.7798848,"Made a aahm sound and moved in a counter clockwise direction,",3,3,3,3,3,3,1,3
1633120071.203803,"Moved forward and raised it's head slowly. Then moved forward more quickly raised it's head more quickly and made a ""ahh noise.",1,3,3,3,3,3,3,5
1633120147.7640712,It lowered it's head,3,4,3,1,3,3,2,3
1633120201.0281162,"It moved forward raised it's head and then moved forward made an ""Ah"" Noise then lowered it's head and arm ",2,3,3,2,3,4,3,4
1633373656.0610828,interest,1,2,3,3,3,3,4,3
1633373733.4669967,interest,1,1,3,3,3,3,4,3
1633373800.8607829,arm movement,3,2,3,3,3,3,3,3
1633373900.815646,"head and arm movement, before moving in a half circle, and putting had and arm back down",2,2,3,5,3,4,4,3
1633373972.8819318,tilted head down and made a v_v face,4,3,3,1,3,2,3,3
1633374034.1712818,moved forward and said 'oh',5,2,3,3,3,3,4,3
1633374109.9578059,moved forward and said 'e' before tilting head up,2,3,3,5,3,3,4,3
1633374205.6417065,put arms up and head down in defeat ,3,5,4,1,3,2,3,3
1633374272.609164,"moved forward, stopped, said 'a?', turned and moved forward while saying 'e'",2,1,3,3,3,4,4,4
1633374369.1884336,"tilted head all the way up, moved arms up before moving forward and turning",1,2,3,3,3,4,5,3
1633374459.553243,"moved arms up, looked around slightly before putting them back down",2,1,3,1,3,3,4,3
1633374560.2554905,put arms up and waved slightly,2,3,3,4,4,4,3,3
1633374640.1375566,put arms up slightly,2,2,3,3,3,3,3,3
1633374708.2025669,"put arms down, turned and moved while saying 'i', stopped, turned more while going forward, putting hands up, and saying 'peru'",1,3,3,3,3,3,3,3
1633374839.6849196,put arms down and turned head up while making an angry face,3,3,2,3,1,3,3,1
1633374899.1746056,put arm down,2,1,3,3,3,3,4,3
1633374970.3439183,put arm up,4,2,3,3,3,2,4,3
1633375035.1874535,tilted head up and moved forward,1,2,3,3,3,3,4,3
1633375110.1864474,"moved forward and put hands down, stopped, turned and moved forward while saying 'a?' and putting arms up",2,1,3,3,3,3,4,3
1633375203.7806106,"moved forward and put head up, stopped, moved forward while putting arms up and looking down",2,3,3,2,4,4,3,3
1633375348.8395162,"looked up and moved arms up, said 'a?', moved while putting arms down and saying 'e'",2,1,4,4,3,3,3,3
1633375439.05708,"put head down, turned away, and put arms up",3,3,2,1,3,3,4,3
1633448164.3409834,Head moved down as the eyes flicked back and forth,4,2,3,3,3,2,2,3
1633448239.1974573,"Turned almost 270 degrees, raised its claw up and it seemed to say hi",3,4,3,5,5,4,3,3
1633448357.7438807,"Turned counter clockwise abut 270 degrees, and raised its head, no real change in the eyes",3,2,3,3,3,3,3,3
1633448442.6108577,"Turned clockwise and seemed to make a confused sound, then moved fast away in the opposite direction",4,1,3,3,3,1,4,1
1633448518.0207438,"Raised its head and claw slightly, the eyes flicking back and forward",3,2,3,3,3,2,3,3
1633448654.8335752,claw moved slightly up then back down,3,2,3,3,3,3,3,3
1633448723.892202,Moved its head up quickly as if to look me in the eyes,2,1,3,3,3,4,3,3
1633448790.7664542,Turned and moved about 180 degrees and moved its head down to level with the table,2,3,3,3,3,3,3,3
1633448868.2653115,Turned about 270 degrees clockwise away from me,4,2,3,3,2,3,3,2
1633448938.9726338,"Raised its head up, made a confused noise ""huh?"" moved forward with claw up, then made a sound like ""hey"" then moved forward quickly",2,1,4,4,3,3,5,3
1633449055.156595,Turned clockwise and raised its head up high to look towards the ceiling,1,1,3,3,3,3,3,3
1633449130.397215,"Eyes got narrow and low as it made a sound like ""aww"" then turned away and lowered its claw",3,3,2,1,3,3,3,3
1633449218.0402079,"Turned about 200 degrees clockwise, lowered its claw and raised its head as it made a sound like ""up?""",2,3,3,4,4,3,4,4
1633449308.6720905,"Moved forward very quickly, as the claw raised slightly then lowered",4,3,2,3,3,3,3,3
1633449409.7919943,Raised its head and claw slightly as the eyes looked around,2,2,3,3,3,3,3,3
1633449530.3973422,"Looked up and made a sound like ""up?"" Then the eyes got reallly round and it made a sound like ""oop""",2,1,3,3,3,3,5,3
1633449671.7211785,"Turned to its left and raised then lowered its head as it made a long sound like ""awwwwwwwww""",2,3,3,1,3,3,4,3
1633449771.235933,"Turned left, raised its head and claw, then turned right and lowered its head and claw as it made a sound like either ""oil"" or a distorted sad ""hi""",2,2,3,2,3,3,3,3
1633460452.9301684,stuff,3,3,3,3,3,3,3,3
1633534838.5097277,it moved its arm up.,2,3,3,3,3,3,2,3
1633535052.6573963,"It moved forward, made a noise, and moved its arm down.",1,2,3,3,3,3,4,3
1633535117.7867453,"It made a little ""hm?"" sound and lifted its arm up.",4,2,3,3,3,2,4,3
1633535186.805712,"It moved its arm down, lifted its head, made a couple noises, and moved forward twice.",3,3,1,3,3,3,2,2
1633535279.2588155,"It moved its arm up and then down, tilted its head down, and made a little noise.",2,2,3,3,3,3,4,3
1633535339.7866838,"It moved its arm up, turned and moved forward to the right, and then put its arm back down.",3,4,3,3,3,3,2,3
1633535412.2549217,"It moved its arm down, moved its head up and said ""ahh""",2,4,4,4,4,4,3,3
1633535475.152918,It moved its arm and head into neutral and made a little noise.,3,2,3,3,3,3,2,3
1633535539.7918017,It moved its arm down and looked up.,2,3,3,4,3,4,3,3
1633535597.348477,It moved its head back into neutral. ,3,4,3,3,3,3,2,3
1633535654.46334,It moved its arm up and moved forward.,4,3,3,3,2,3,3,3
1633535711.338495,It turned to the right and moved its head and arm up before moving its head and arm down.,2,3,3,2,3,4,3,4
1633535781.3749266,"It moved forward and said ""ahh"" and then moved its head up and said ""eugh""",2,2,2,3,3,3,3,1
1633535855.8144994,It moved to the left and then put its head and arm down.,2,2,3,2,3,4,3,3
1633535916.1796107,It tilted its head slightly up.,2,3,3,3,3,4,2,3
1633535983.827182,"It moved forward, put its head and arms up and said ""hm?"" then it turned to the left and put its head and arms down.",4,2,2,2,2,3,4,2
1633536066.6726687,"It moved a little to the left, squinted its eyes, and sounded upset.",2,2,2,3,2,3,3,2
1633536159.3909369,It did nothing but move its eyes around,3,3,3,3,3,3,1,3
1633536221.168519,"It turned to the right, said something, moved forward, lifted its arms, squinted, and said something else.",1,2,3,3,3,3,4,1
1633536292.3020968,"It moved its head and arms up, turned to the left, and then put them down again.",4,4,4,3,3,3,4,3
1633536366.0458794,It squinted its eyes and turned to the left.,3,3,1,2,1,3,3,3
1633536426.2694542,"It moved its head up, then its arm, and made a little noise",2,3,3,4,4,4,3,4
1633536501.0639174,"It moved its head and arms down, made a little noise and squinted.",3,4,3,2,3,3,3,4
1633536567.6660182,"It turned to the right, made a ""wee"" noise and moved its arm up a little",2,3,3,4,3,3,3,4
1633538950.4304526,"It moved towards me and moved its lever and made a sound that sounded like ""Hi.""",2,3,3,4,3,3,3,3
1633539242.4000177,The robot moved its lever and head down and moved forward with a sound that sounded like a sigh. It then lifted its lever up,3,3,3,1,3,3,3,4
1633539394.425091,It moved forward a little and moved its lever down.,3,2,3,3,3,3,3,3
1633539508.5466495,The robot lifted its lever and head up,2,3,3,4,3,4,3,5
1633539625.2326565,"The robot moved its lever down moved forward towards me and said ""Hello"" before turning away with its head down",2,3,3,2,3,3,3,3
1633539830.1146307,The robot lifted its lever and head all the way up and turned to the right before putting its head and lever down,3,3,4,5,5,4,3,5
1633539942.4528594,"The robot lifted its lever and head up a little and stopped. It then put its head down a little, but continued lifting its lever.",3,3,3,3,3,2,3,4
1633540083.8710995,"The robot put its lever down and lifted its head up and made an ""uh"" sound.",3,3,3,3,3,4,3,4
1633540238.2662792,"The robot moved forward and put its head down. Its eyes got wide for a second before it turned around and moved with an ""Aw"" sound.",3,3,3,1,3,3,5,3
1633540383.5031803,The robot moved its head down and turned to the left and lifted its head a little,3,3,3,1,3,4,3,3
1633540513.5568132,The robot lifted its lever.,3,2,3,3,3,4,3,3
1633540633.5902047,The robot moved forward and lifted its head and lever up. It then put its lever all the way down,3,3,3,3,2,3,3,3
1633540740.9466364,"The robot moved its head down and lifted its lever and said ""I'm sorry."" It then put its lever down.",3,4,3,1,3,3,3,3
1633540915.9533987,"The robot put its head down, said ""Awww,"" and turned left. It lifted its head a little at the end",3,3,3,1,3,4,3,3
1633541080.0805688,"The robot lifted it's lever all the up and moved forward towards the left saying ""oh.""",3,3,3,3,3,3,2,2
1633621075.1294928,the robot drove forward and to the right,3,3,3,3,3,3,3,3
1633621158.002191,it spun 180 degrees and lowered its 'head',3,3,3,3,3,3,3,3
1633621228.6333754,the robot drove around a bit and made a noise like 'hiyo',2,2,3,3,3,3,3,3
1633621312.3239505,"drove forward a bit, nothing else",3,3,3,3,3,3,3,3
1633621385.6590242,the robot said 'oooh' and drove forward a bit,2,2,3,3,3,3,4,3
1633621451.1654556,it raised its 'arm' and drove forward while looking upwards,1,1,3,3,3,3,4,4
1633621529.2526162,the robot did nothing besides move forwards about 1/8 inch,3,3,3,3,3,3,3,3
1633621589.0932992,the robot raised and lowered its arms,1,3,3,5,4,4,3,4
1633621644.400045,"the robot inched forward, raised its arms a little and made a noise",4,2,3,4,4,4,4,3
1633621712.886563,"the robot raised its arms, made an angry face, and moved forward before making a noise and lowering its arms",5,3,2,3,1,2,3,2
1633621846.3602493,it made a really short noise,3,3,3,3,3,3,3,3
1633621909.827143,"the robot spun a little bit, and raised its arms while making a happy noise",2,4,5,5,5,5,3,3
1633621981.811772,the robot made two short noises and spun a little,2,2,4,4,4,4,4,3
1633622065.3410685,the robot lowered its head,3,3,2,3,2,3,3,3
1633622120.3393404,the robot raised its arms,3,2,3,3,3,3,3,3
1633622183.1000335,"it moved forward, raising its arms, before lowering them and its head",3,3,2,2,2,2,4,2
1633622272.2688615,"it moved forward, making an angry face and saying something like you, smile, then raised its arms and made a happy face",3,5,2,4,2,4,4,4
1633622397.7902417,it moved forward and lowered its arms,3,3,3,3,3,3,3,3
1633622459.918904,"the robot made three noises, and moved forward slightly",2,4,4,3,3,3,4,4
1633625815.0226452,"moved forward then paused, raised its lift and moved forward a little again",1,2,3,3,3,3,3,3
1633626056.2797863,"moved forward slightly, vocalized (sounded like ""hi"")",2,3,3,3,3,4,3,4
1633626155.2102945,"raised its lift, eyes became large circles, then it moved quickly forward, stopped and lowered the lift",5,3,3,3,2,2,5,3
1633626321.6679196,"It vocalized while rotating to the right and looking down at the ground. then it paused, rotated to the right a little again (completing a 90 degree rotation), and looked back up.",1,3,2,3,2,3,4,2
1633626591.2709465,vocalized while moving forward and quickly raising its lift (or lowering it on repeated plays if it was already raised),2,4,2,2,3,5,3,4
1633626787.465197,slowly looked down and moved forward (curved slightly to its left),3,5,3,1,3,3,3,3
1633626917.4264615,quickly moved slightly forward with a small left rotation,1,4,3,3,3,3,3,4
1633627010.1736605,"raised its head, paused for a brief moment, then vocalized, and moved forward a good distance while raising its lift (or lowering it on repeat plays if already raised)",1,4,3,5,3,5,3,5
1633627236.6062603,tilted its head up,2,3,3,3,3,3,2,3
1633627313.4412441,"looked down, eyes narrowed into slits, raised its lift and vocalized a short grunt",4,3,3,3,1,2,3,2
1633627476.3528647,slightly raised its lift (or lowered on subsequent replays),3,3,2,3,3,3,1,3
1633627590.4982462,rotated 90 degrees to the right then quickly moved forward a short distance,1,4,3,3,3,3,3,5
1633627753.4533255,tilted head slightly up while raising lift (lowering lift on subsequent replays),3,3,4,3,3,4,3,4
1633627858.4132001,"lowered lift to the ground, looked down, paused, and vocalized, then raised lift and head back to about middle position",3,4,3,1,3,3,3,3
1633712039.7094944,turned around and lowered lift,3,3,3,2,3,2,3,2
1633712244.4257073,looked up and raised lift,1,3,3,4,3,4,3,4
1633712358.2100809,lowered lift and head with squinted eyes and moved forward a little bit and made a noise,3,2,2,1,3,2,3,2
1633712479.2842674,moved forward and stopped and made a noise then moved lift up while moving forward again and stopped then turned left and lowered lift,1,3,3,4,3,4,5,4
1633712651.2311378,moved forward an inch and raised head,1,2,3,3,3,4,3,3
1633712752.904643,lowered head,3,3,3,3,3,3,1,3
1633712814.3561075,nothing happened,3,3,3,3,3,3,3,3
1633712860.8733363,moved forward and to the right a little bit and raised head,1,4,3,3,3,4,3,4
1633712933.8196175,moved forward and lowered head,4,3,2,2,2,3,3,2
1633713006.0208607,raised head,1,3,4,4,4,4,4,4
1633713069.8969479,lowered head,3,3,2,1,2,2,1,2
1633713135.2548,moved forward and made an interested noise then stopped then raised head and lift then moved forward again and made a disgusted noise while lowering head and lift,1,3,4,3,3,4,3,1
1633713346.4343357,slowly raised head a little then moved forward and stopped while lowering head,2,2,4,1,3,3,1,3
1633713434.4437833,lowered head and raised lift high while moving forward then stopped and lowered lift,3,3,3,3,5,4,3,4
1633713537.2855341,turned around and raised head and lift,2,3,3,4,3,4,3,4
1633713620.9187436,raised head then moved forward and made a noise then stopped and lowered head and moved forward again,2,4,5,3,3,3,4,3
1633713750.825049,turned around and made a noise then raised lift,3,3,1,3,1,3,3,3
1633713835.9942634,lowered lift,3,3,3,2,3,3,1,3
1633713925.5345476,raised lift and head and made a noise,2,4,4,4,3,4,4,3
1633714013.8459907,turned around and raised lift high while making a noise,1,3,3,3,3,4,4,3
1633714110.3616202,moved forward a bit and raised head while making an interested noise then made a 'hmm' noise and lowered head and moved forward to the right while making a disgusted noise,1,3,3,3,1,3,3,1
1633978863.2484925,moved forward,2,3,3,3,3,3,3,3
1633978931.4831736,looked down and moved on fifth of a circle,3,3,3,3,3,3,3,3
1633979014.3708498,moved head and arm up like his offering something,1,4,4,3,3,4,3,4
1633979097.2928472,moved forward and left a bit,3,3,3,3,3,3,3,3
1633979161.8117814,moved his arms slightly higher,3,3,3,3,3,3,3,3
1633979220.902538,lowers his arm,3,3,3,3,3,3,3,3
1633979285.4584923,turned right and looked up,2,4,3,3,3,3,3,3
1633979339.6545765,lowered his head and moved to left,3,4,2,3,3,3,3,3
1633979410.6384418,moved his arm up and moved forward,2,4,3,3,3,3,3,3
1633979500.1594584,turned left,3,3,3,3,3,3,3,3
1633979547.1839116,angry eyes and arm movement,2,4,3,3,1,3,3,3
1633979622.011133,moved forward and moved up his arm and then showed angry eyes,1,2,3,3,1,3,3,2
1633979694.3535483,long left turn followed by moving his arm upward and lowering his head,3,3,3,3,3,3,3,3
1633979785.7807183,moved his arm up to the middle and moved forward,1,3,3,3,3,4,3,4
1633979869.0755694,moved arm up high and turned right,2,5,3,3,3,3,3,3
1633979933.9726877,arm and head movement in opposite directions,3,3,3,3,3,3,3,3
1633980009.1492436,moved forward and look down a bit,2,4,3,3,3,2,3,3
1633980096.4428174,turned left and moved his head up and then turned right and moved his head down,2,3,3,3,3,3,3,3
1633980209.543078,didn't do anything,3,3,3,3,3,3,3,3
1633980399.32211,moved forward and made a hmm sound ,2,3,4,3,3,3,2,3
1633980479.9966981,he said aww and moved forward,2,4,3,3,3,3,3,5
1633980539.1371036,said oh and moved to right,4,4,3,3,3,2,4,3
1634053638.9391959,Lifted loader,3,3,3,3,3,3,3,3
1634053893.3337564,Turned forward-right and looked upwards and said something like 'mmm',1,4,3,4,3,4,3,4
1634054052.133477,Slightly lifted loader and looked to the ground. No sound.,3,3,3,1,3,3,3,3
1634054142.5028722,"Look up a bit, move forward, stop and look down a bit",3,4,2,2,3,3,3,3
1634054264.3727396,Hesitant lift of loader,3,2,3,2,3,3,3,3
1634054380.1143868,Turn left and look up,2,3,3,3,3,3,3,3
1634054504.0914972,Nothing; just the slight sound of the robot motor starting,3,3,3,3,3,3,3,3
1634054636.8902268,"'uh', lifted loader partially, 'ah', moved forward-right 
 and lifted loader fully",2,5,4,4,3,3,4,3
1634054795.1773777,"loader half-lift, inquisitive 'uh' . Eyes thinned",2,3,3,4,4,3,3,4
1634054989.7874625,"move forward, slightly lift head and make a 'euwah' sound and slightly lift loader",3,3,4,3,4,3,3,3
1634055163.4283767,"Lower loader, look down, and make a decreasing 'eah' sound",3,4,3,1,3,3,3,3
1634055281.722583,Move forward significantly and make a long eah sound,2,3,3,2,4,3,3,4
1634663759.1114397,"moves head and lets out small noise that sounds like ""what""",2,2,3,3,3,3,3,3
1634663853.3998866,"looks down, picks up arm, makes small noise like ""whoa"", moves forward, puts arm down while looking back up ",1,2,3,3,3,3,3,3
1634663964.0006375,"moves to the left while picking up arm above head, looking down while making a noise like ""huh?""",1,1,3,3,3,3,3,3
1634664077.1377447,just blinks and looks around,2,3,3,3,3,3,3,3
1634664152.9063504,"looks up, says ""oh"", starts moving forward to the left while moving arm above head, makes another noise with question-like intonation

then looks down while moving arm back down",1,2,3,3,3,3,4,3
1634664331.5971975,"moves head and arm up simultaneously while moving forward, stopping arm in front of face, as if offering something up, making a declarative noise like ""here"" or ""hi""",2,4,3,3,3,4,3,4
1634664469.2704394,"moves head and arm up simultaneously making a declarative noise like ""there"", then moves forward while bringing arm and head down, making another noise with inquisitive intonation, kind of like ""huh?""

",2,2,3,3,3,4,4,3
1634664668.6969976,eyes narrow and head moves slightly,4,2,3,3,2,2,4,2
1634664742.7855487,"moves head up and starts moving forward while bringing up arm, making a noise that seems designed to get someone's attention, almost like ""Hey, champ""",2,3,3,3,3,5,3,4
1634664905.9491842,"moved forward and put arm down and looked down, then looked up",2,3,3,3,3,3,3,3
1634665013.948109,"eyes got really big, head and arm moved up and mode noise like ""oh"" as if it understood something

then moved head and arm down, making noise like ""boy""",4,4,2,2,3,3,5,2
1634665180.5743608,"looked down and moved arm above head while moving forward, making inquisitive noise like ""huh?"" then moved arm back down",2,2,3,3,3,3,3,3
1634665259.6063585,moved arm and head up simultaneously ,2,2,3,3,3,4,3,3
1634665338.806627,"moves forward slightly and eyes narrow a bit, makes noise that sounds like ""bleh"" as if something were gross",4,3,2,3,3,3,3,1
1634665449.6559663,"turns slightly to the left, looking down",1,2,3,2,3,3,3,3
1634665532.6906867,"looks up, looks back down, then moves forward bringing up arm and making a noise that sounds like ""hello?""",2,2,3,3,3,3,4,3
1634754084.6608195,very little expression but was waving,2,2,3,4,3,3,4,3
1634754207.353481,Looked like it wanted to get a better loo at me and showed more interest,1,4,3,3,3,4,4,4
1634754302.2899096,Little expression but again looked like it was waving,2,2,3,3,3,4,3,3
1634754487.670467,very little expression and showed little interest,3,2,3,2,3,3,1,3
1634754587.0540664,Moved and looked like it was searching for something,2,1,2,3,2,1,2,3
1634754587.0540664,Moved and looked like it was searching for something,2,1,2,3,2,1,2,3
1634754668.6211534,Again wanted to get a better look at me and showed interest,1,2,3,4,4,4,3,4
1634754743.776176,Looked very happy and suprised,1,4,4,5,5,4,5,5
1634754815.151819,wanted to find something but was not worried,2,2,3,4,3,4,3,3
1634754900.3034382,No expression or interest in the interaction,3,2,2,3,3,3,1,3
1634754966.663967,happy to see me and wanted to say hello,1,5,5,5,5,4,5,5
1634755033.096312,no interaction just looked around,2,2,1,2,3,3,2,3
1634755107.1544752,Robot wanted to find something or pick something up but couldn't,3,2,1,2,2,3,2,3
1634755198.9049716,little interaction just looked up and down,2,4,3,3,3,2,2,3
1634755296.8353794,wanted to pick something up or give me a high-five,2,4,3,4,3,4,3,3
1634755296.8353794,wanted to pick something up or give me a high-five,2,4,3,4,3,4,3,3
1634755382.4115267,wanted to show me something,1,4,3,4,5,5,4,4
1634755455.0903056,moved over to the computer and was trying to figure out what it was,1,2,3,3,3,2,4,3
1634755529.8362396,looked up to me to say hello,2,4,4,4,4,4,3,4
1634755579.5084207,looked for something but was mad when it couldn't find it,2,1,1,2,1,2,3,3
1634755650.4528565,slowly wanted to investigate what I am,4,1,2,3,3,2,4,3
1634755757.6690612,little to no interaction and showed little interest,3,2,3,3,3,2,1,2
1635186530.192599,"The robot moved forward and said ""Hello."" Then it started turning and saying ""ah.""",1,1,3,3,3,3,4,3
1635186740.8909714,"The robot raised its arms up and moved forward saying ""ocean.""",5,2,3,3,3,3,5,3
1635186842.6616993,The robot raised its arms up.,3,3,3,3,3,3,3,3
1635186894.8685377,"The robot slightly moved its arms up and said ""eh."" Then it lowered its arms and starting turning saying ""ah ah.""",1,1,3,3,3,3,5,1
1635187003.6374369,The robot closed its eyes and slowly raised its arms.,3,1,3,1,3,1,3,3
1635187057.9259863,"The robot moved forward while turning and said ""oh eh."" When it was facing away from me, it turned towards me and said ""a sham.""",1,1,5,4,3,3,3,3
1635187193.6552165,"The robot said ""eh."" ",1,1,2,3,2,3,3,1
1635187245.0877814,The robot tilted its head up and squinted.,1,2,3,3,3,3,4,1
1635187296.7122886,The robot tilted its head all the way up and moved slightly forward.,5,2,3,3,3,1,3,5
1635187352.481105,"The robot turned towards me, lowered its head, and raised its arms.",1,3,3,3,3,3,3,5
1635187420.2655404,"The robot turned, lowered its arms, and said ""poo.""",4,2,3,3,3,3,3,1
1635187499.3702881,"The robot moved forward, tilted its head up, and slightly raised its arms.",1,2,3,3,3,4,3,5
1635187570.2911282,The robot lowered its head and squinted its eyes.,3,3,1,3,1,3,3,1
1635187634.501945,"The robot raised both its head and arms then said ""op.""",1,3,3,3,3,3,3,5
1635187698.1558442,"The robot lowered its head while it moved forward saying ""oh eh."" Then it turned saying ""ah"" with its arms up.",1,2,2,3,3,3,2,4
1635187826.9494817,"The robot moved and turned, raising its arms, and said ""true.""",2,5,4,3,3,3,3,3
1635187887.8556569,"The robot raised its head and arms up and said ""op."" Then lowered them down.",1,2,3,3,3,3,3,5
1635187967.6070728,The robot squinted one of its eyes.,1,1,3,3,3,3,4,3
1635188161.929,"The robot turned its head up and said ""oh."" ",1,5,3,3,3,3,4,3
1635188251.8973625,"The robot slightly raised its arms and said ""ooh"" while moving forward.",1,5,3,3,3,3,3,5
1635188320.9061174,"The robot raised its head while turning and saying ""eh."" Then it stopped to say ""true"" and raise its arms, then lowering it and saying ""eh.""",5,1,2,3,3,3,5,3
1635188479.9481966,"The robot slightly raised its arms and said ""ah.""",1,2,3,3,3,3,3,2
1635188569.0176961,The robot raised is head and turned away from me.,5,2,3,3,3,1,3,3
1635201112.9567273,It moved the head up and looked at me.,1,4,4,4,5,5,4,5
1635201290.369228,It moved towards me and said hi.,1,5,5,5,5,5,5,5
1635201490.1345718,The robot said something.,1,4,5,4,4,4,4,4
1635201552.8111265,The robot moved towards me and said something.,3,2,3,3,3,3,3,3
1635201617.5091572,The robot moved the head and said something.,3,3,2,2,3,2,2,2
1635201733.300816,The robot said something.,5,1,1,1,1,1,1,1
1635201910.8186932,The robot turned away from me saying something.,3,3,3,2,2,2,2,2
1635201982.7492018,The robot said something.,3,3,4,3,4,4,4,4
1635202092.8700051,The robot moved its head down and seemed sad.,5,1,1,1,1,1,1,1
1635202199.5060222,The robot said something moving towards me.,2,3,3,3,3,3,3,3
1635202279.3806012,The robot moved head down showing sorrow.,3,3,1,1,1,1,1,1
1635202341.021557,The robot moved towards me and  raised its head.,1,4,4,4,4,5,5,4
1635202587.6434162,The robot said something and moved its head upwards.,1,4,5,5,5,5,5,5
1635202655.7504098,The robot showed no reaction at all.,3,3,3,3,3,3,3,3
1635202721.386349,The robot moved around and said something.,5,5,5,5,5,5,5,5
1635202797.1585555,The robot said something and was sad.,5,1,1,1,1,1,1,1
1635202874.9315972,Cozmo said something.,4,1,1,1,1,1,1,1
1635203035.9211433,It showed almost no reaction.,3,3,3,3,3,3,3,3
1635295699.834711,"sound: 1-sec sound, announcing tone

direction: right 90%

face: alert

head: raised with arm

arm: fully raised",1,3,3,3,3,3,3,3
1635296016.3623645,"sound: 1-sec sound, declaring tone

direction: forward

face: alert

head: raised with arm

arm: fully raised",1,4,3,3,2,3,3,3
1635296110.3986964,"no movement or sound, eyes inquisitive",1,1,3,3,3,3,2,3
1635296188.4853625,"no movement or sound, eyes smaller but still inquisitive, robot seems like it suspects or distrusts surroundings",4,2,3,3,2,2,3,3
1635296366.6291788,"sound: 1-sec sound, inquiring tone

direction: right 20 degrees

face: alert, inquiring

head: looking downward

arm: stayed lowered",1,3,3,3,3,4,3,4
1635296508.54971,"sound: 2-sec sound, unhappy/sad; 1sec sound inquiring or looking for comfort

direction: forward

face: sad

head: lowered

arm: fully raised",1,2,2,1,3,4,3,4
1635296644.167289,"

direction: right 90 degrees, then right another 70 degrees

face: inquiring

head: lowered, then raised when arms raised

arm: fully raised, then later lowered",2,3,3,3,3,3,3,3
1635296780.0975666,"direction: right 90%

face: alert, inquiring

head: raised with arm

arm: fully raised",1,1,3,2,3,3,3,3
1635296871.9127316,"sound: 1-sec sound, declaring tone

direction: forward, then right 90 degrees

face: alert

head: raised with arm

arm: lowered",1,2,1,2,3,3,3,3
1635296994.7978532,"arm: slightly raised
eyes: alert, inquiring


no other movement",2,2,3,2,3,3,3,3
1635297082.1099954,"sound: 1-sec sound, assertive inquiring tone

direction: right 15 degrees

face: alert, inquiring

head: lowered

arm: lowered",3,1,2,2,3,3,4,3
1635297168.8176186,"ace: alert, inquiring

head: slightly raised

arm: lowered",1,3,3,3,3,3,4,3
1635297253.3438208,"face: alert, inquiring

head: lowered

arm: lowered",3,3,2,2,3,3,2,3
1635297325.5537403,"sound: 1-sec sound, announcing tone, before moving forward

direction: forward

face: alert, inquiring

head: lowered

arm: raised outward",1,2,2,2,3,3,3,4
1635297430.0795238,"sound: 1-sec sound, inquisitive tone

direction: forward

face: alert, inquiring

arms lowered with head fully raised, then head lowered with arms extended outward",1,2,2,2,3,3,3,5
1635297546.224447,"movement toward observer with arms and head raised, then arms lowered with back towards observer",1,2,1,3,3,3,3,5
1635297691.0093129,"arm: fully raised,head: looking upward",1,3,3,3,3,3,3,5
1635356867.9336712,The robot seems relief and showing interest in something.,2,3,4,3,3,3,3,3
1635357073.5115125,The robot seems to be interested and showing of gratitude. The gesture is like that of a dog walking towards the owner and calmly sitting under the owner's fit.,1,5,5,4,4,3,3,3
1635357269.1868863,The robot shows off some kind of desire as the gesture of a dog if it is willing to play with you. ,1,5,5,5,4,4,3,5
1635357445.3903377,I did not quite get the emotion the robot is trying to show of this time.,3,3,3,3,3,3,3,3
1635357585.4656572,The robot seems relief and showing the desire to play.,1,3,4,4,3,3,3,4
1635357721.1652405,The robot seems to be in fear of something or bored and not ready to interact.,4,3,2,2,2,1,1,3
1635357888.5857265,The robot looks relieved and joyful.,1,3,5,5,3,3,4,3
1635358026.1574352,"The robot shows relief, joy and a strong desire to play or interact. The gesture seems very welcoming.",1,3,5,5,4,3,3,5
1635358190.9462168,The robot seems to be angry or bored and surprised at the same time and showed the gesture of trying to move away.,4,3,2,2,1,3,5,1
1635358406.4962516,I did not actually understand the kind of emotion the robot is trying to show off this time.,3,3,3,3,3,3,3,3
1635358537.3987482,"Surprised and bored at the same time. It showed a similar gesture of trying to move away this time again, but this gesture is quite different from previously.",3,3,2,3,1,2,5,2
1635358709.2014277,I did not really get the emotion the robot showed off the time.,3,3,3,3,3,3,3,3
1635524432.391652,the robot moves its head up,2,4,4,4,4,4,4,5
1635524696.9324784,the robot moved a little bit forward and puts its head down then raised it again,1,3,4,4,4,4,3,3
1635524905.8064144,the robot raised its head up,4,2,3,3,3,2,2,2
1635525015.434701,the robot moved forward stopped and raised its hands. It then moved forward again,1,4,4,4,5,5,4,5
1635525228.1426156,the robot raised its hands and turned right,3,3,2,3,3,3,2,2
1635525376.14978,the robot displayed no behavior,3,3,3,3,3,3,3,3
1635525549.244726,"the robot turned left, moved, raised its hands, stopped and the moved again",4,2,2,2,2,2,2,2
1635525759.8784437,"the robot moved forward, raised its head up and then turned right",4,3,2,2,2,2,2,2
1635525859.1136532,"the robot raised its head up, moved forward and then turn right",4,2,2,2,2,2,2,2
1635525972.147301,"the robot raised its head up, moved forward then raised its hand down and moved right",3,2,2,2,2,2,4,2
1635526123.9255958,the robot raised its hand and turned left,3,3,3,3,3,3,3,3
1635526305.6334558,the robot puts its head down,4,2,2,2,2,2,2,2
1635526387.1223583,"the robot moved right, raised its head and hands up",1,4,4,4,4,5,4,5
1635526516.2184029,"the robot moved forward, raised its hand, turned right and raised it head",3,3,3,3,3,3,3,3
1635526635.4459925,the robot didn't move but used its hand and head,1,4,4,4,4,4,4,4
1635526714.3573322,the robot didn't move but it raised its head up,2,5,4,4,4,4,4,5
1635526805.363273,"the robot moved left, raised its head down and moved further",3,2,3,3,3,4,3,3
1635526939.1754394,"the robot raised its head up, it then raised it up further",4,2,2,2,2,2,2,2
1635533578.074117,"Looked up and said 'Oi' or 'Boi', gently rolled forward.",2,2,3,3,3,4,3,4
1635533647.9711313,"Rolled a bit to the right, raised his little arm and moved it down afterwards. Like he's got a job to do over there or something.",2,5,3,3,3,3,3,3
1635533780.1768234,Rolled forward maybe an inch and a half.,3,3,3,3,3,3,3,4
1635533840.489019,"He looked up, squinted, yawned, then raised his arm and started driving forward/left. Like he just woke up for work.",2,4,4,3,3,3,2,3
1635533938.4944484,"Rolled forward, looked up at something, then rolled forward a little more and looked up more at it. He made a confused 'Ehhhehehhh?' noise.",1,1,3,3,3,3,4,4
1635534016.7881036,"Looked down, drove right in a quarter-circle, then looked down a little more. He's looking for something.",2,2,3,3,3,3,3,3
1635534100.0591,Turned around.,3,3,3,3,3,3,3,3
1635534213.604411,Raised his arm.,3,4,3,3,3,3,3,3
1635534264.477311,Nothing? He did nothing. Not sure if this is an error or not.,3,3,3,3,3,3,3,3
1635534385.6420798,"Looked up. (or down, depending)",2,3,3,3,3,3,3,3
1635534487.7207983,Nothing again?,3,3,3,3,3,3,3,3
1635534533.3220377,"Half turn right, then drive forward/right.",3,4,3,3,3,3,3,3
1635534602.7551217,"Raised his arm, went ""uwu?""",2,3,3,3,3,4,4,5
1635534703.845122,Put his arm back down.,3,3,3,3,3,3,3,3
1635534762.302301,"Moved a little forward, raised his arm, went ""uwu?""",2,3,3,4,3,4,4,5
1635534811.2014039,Raised his arm,3,3,3,3,3,3,3,3
1635534865.4966044,"He gave me the stink eye and turned away, the little twerp! jk I love him.",3,4,1,3,2,3,3,1
1635534978.1493866,"Furrowed his brow, moved right at me and went ""ohhh."" in a very annoyed tone. Like 'Oh, I see how it is.""",3,4,2,3,1,3,3,2
1635535071.8369782,"He looked up, went ""Oh! umm."" and gave me some wide eyes. raised his arm, too.",1,4,3,4,4,4,5,5
1635535175.2313132,"Moved a little to the left and looked up, like he's looking at something.",1,2,3,3,3,3,3,3
1635535243.2515967,Nothing.,3,3,3,3,3,3,3,3
1635535287.57217,"Moved forward-left, and said ""eeeee?"" Then a long pause, and surprised me when he gave me the stink-eye again and said ""Bro."" Like two seperate little emotes.",2,2,2,3,2,3,4,3
1635535442.8495712,"Moved forward-right, paused, then moved a little more forward-right while looking down and raising his arm. Like he was looking for something then found it, then moved to start working on it.",2,2,4,3,4,3,2,3
1635535553.3322744,"Little pause, then moves an inch forward.",2,3,3,3,3,3,3,3
1635535621.0367184,"Moved to the right while saying ""H. M."", or ""Ayyychemm.""",2,5,3,3,3,3,3,4
1635535704.6925564,"He gave me worried eyes, then moved slowly forward-left.",4,3,3,2,3,2,3,3
1635535784.5772076,Nothing.,3,3,3,3,3,3,3,3
1635535828.0954044,"""Eeee?"" with no movement.",2,2,3,3,3,4,3,3
1635535888.6437488,Moved forward-left.,3,4,3,3,3,3,2,3
1635536009.9543686,"Raised arm, turned left and said ""ummm."" very assertively.",4,4,3,3,3,3,3,3
1635536093.9119248,"He said ""oh."" then moved slightly right. Then asked ""oh?""",1,2,2,4,3,4,3,4
1635788303.9973786,"They moved forward a tiny bit, looked up and lifted their crane hands",2,2,3,3,3,3,3,3
1635788485.2959542,"Moved their hand a tiny bit, then rotated to the right and lifted their arms up",3,3,3,3,3,3,2,3
1635788614.6594229,"Starting with their hands a little over their face, they lowered them and then lifted them up as if they were looking for something",3,1,2,3,3,3,2,2
1635788727.3085694,"Said ""Ha"" and ""Woah"" and then moved forward slightly",4,3,3,4,3,3,4,3
1635788809.8960984,"Seemed to have said ""Hi"" and ""Wee"" as it moved clockwise til it was pointed at 8 on this said clock",2,4,3,3,3,3,4,3
1635788942.3204896,"Said ""Ah"" and then slowly moved their right, and then lifted their head towards the ceiling lights",2,4,4,3,3,3,3,3
1635789236.4759374,"Lowered their arms, that's it",3,3,4,3,3,3,3,3
1635789334.7997334,"Said ""Ah"" and then drove towards the laptop to their left",1,4,3,3,3,3,4,3
1635789420.404824,"Said ""Oh"", lowered their head and then turned away from me to their right",3,2,2,1,3,2,3,3
1635789514.661008,"Seemed like it was more interested in something else, lowered arms, Said ""ooh"" and then turned 180 to the left",1,3,3,3,3,3,4,3
1635789627.6247118,"Seemed like they were trying to say something but couldn't, barely moved",3,2,1,1,2,3,3,3
1635789734.1238418,Moved to their right and then moved to their left,2,2,3,3,3,3,3,3
1635789806.4810433,"Kept their head down, Said ""huh"" and then moved forward enough that I thought they were trying to drive off the table",1,2,3,3,3,3,3,3
1635789901.1910942,"Said ""Hm"" as it rotated to the right, and then said ""Ah"" as it moved back over to the left",1,4,4,3,3,3,4,3
1635790050.8612382,"Said ""ah"" and then rotated to their left",2,3,4,2,3,3,4,3
1635790130.6009722,"Lifted their arms and moved gently to the right, Said ""ooh""",2,3,3,3,3,3,4,3
1635790226.4473965,"Lowered their arms, turned clockwise to be facing 10 o'clock, didn't say anything",2,3,3,2,3,3,3,3
1635790367.9591384,"Said ""Ah"" and then turned 90 degrees to the right",2,4,3,3,3,3,3,3
1635790458.6686547,"Said ""ah"" and then lifted their arms slightly",4,3,3,3,3,3,4,3
1635790527.6319172,"Seemed like it was struggling to lift their arms, that was all they did",3,3,3,3,3,3,3,3
1635790662.522971,Lowered their arms and looked up,3,3,4,3,3,4,3,3
1635790748.5451052,"Lifted their arms, looked down, and then moved forward a few inches. After moving, they lowered their arms",2,3,3,3,3,2,4,3
1635794771.4728274,Moving and tend to turn left ,2,2,3,3,3,3,2,3
1635794926.2852058,It is not moving. Looks like it is resisting to do something ,3,2,3,3,3,2,2,3
1635795137.2434382,It looks like it is delivering something and go back ,2,4,4,3,3,3,3,3
1635795301.5372345,It looks like it is raising something and show it to someone ,2,4,3,4,4,3,3,4
1635795468.2698503,It is like grabbing something and raise it up  ,2,4,3,3,3,3,2,3
1635795626.2165928,It is like taking something from and put it down ,2,4,3,3,4,4,3,3
1635795729.9365082,It is like moving something from one place to another ,3,3,3,2,2,3,2,3
1635795861.5654087,It is like delivering something and turn back ,3,2,3,3,3,4,3,3
1635796010.3992057,It looks like it got scared and stopped moving or something interrupted  ,3,2,3,3,3,2,3,3
1635796010.3992057,It looks like it got scared and stopped moving or something interrupted  ,3,2,3,3,3,2,3,3
1635796228.736599,It is like raising something and show it ,2,3,4,3,4,3,3,3
1635796353.2164402,It looks like it so excited to deliver something  ,2,3,3,4,4,4,3,4
1635796570.8571177,It is like delivering something ,3,2,3,3,3,3,3,3
1635796712.5072708,It is like bringing something and put it up and turn back ,3,4,3,4,4,4,3,3
1635796887.85083,It looks excited to carry something and take it somewhere ,2,3,3,4,3,3,3,4
1635797089.612856,It is raising something up ,2,4,3,3,5,4,3,4
1635797203.189262,It is taking something and drop it down,3,2,3,2,3,2,2,3
1635797303.2363777,It is not happy to raise something up and put it down ,3,2,1,2,1,3,2,2
1635871542.044509,the robot moved forward and lifted its arms,2,2,3,3,3,3,3,4
1635871713.5130284,the robot looked up moved forward lifted its arms slightly and then move its head back down,1,2,3,2,3,4,3,5
1635871832.8193178,"the robot moved its arms, looked up and made a noise",1,2,3,3,4,4,3,4
1635871926.9741702,it looked down moved its arms down and move forward and turned slightly towards the right,3,4,1,1,1,3,3,2
1635872040.6144571,the robot moved its arms down and looked up,1,2,3,2,3,4,3,5
1635872242.547086,The robot moved its head up,1,1,3,3,3,4,3,5
1635872328.7696748,the robot move forward a bit moved its arms up and down and said two utterances like ah and ehh,4,4,4,3,2,3,3,3
1635872517.926105,the robot moved forward saying something ,3,4,2,3,2,3,2,2
1635872629.4868207,the robot looked up and raised its arms up,1,2,2,3,4,4,3,5
1635872702.0811296,drove forward and to its left and move its arms down,3,4,2,3,2,3,2,2
1635872820.8833628,the robot moved forward while lifting its arms up and made an alarmed sound,5,2,3,3,2,2,4,3
1635872899.732838,"moved forward, lowered its arms and head, then looked up",1,1,3,3,3,4,3,4
1635872997.0315285,move forward looked up then looked down while it turned to the its right,2,2,2,2,3,3,2,3
1635873152.9266446,"looked down, narrowed its eye and move forward",3,2,2,1,3,2,3,5
1635873273.916212,moved its arms up and made a noise,3,4,1,2,3,3,3,4
1635873509.7857304,the robot moved to its right and looked up,1,2,3,3,3,3,3,4
1635873648.2912703,the robot moved forward and raised its arms up,1,5,4,5,4,4,3,3
1635873720.1182044,raised its arms and head up slightly,2,2,3,3,3,3,3,4
1635873851.954581,the robot looked down lowered its arms then moved to its left while saying ah,3,5,4,4,3,4,3,3
1635874003.6455429,the robot moved forward and lifted its arms up,2,2,3,3,3,4,3,3
1636135134.4690976,"he moved around in a half circle, said something like ""uhh sir"" and put his lifty thingy up",3,3,3,2,3,3,3,3
1636135134.4690976,"he moved around in a half circle, said something like ""uhh sir"" and put his lifty thingy up",3,3,3,2,3,3,3,3
1636135263.5991435,"hw moved toward me, said oh, and lifted his lifty thingy high above his head. ",2,3,3,3,4,3,3,3
1636135350.5921319,he just lifts up his lifty thingy.,3,3,3,3,4,3,3,3
1636135506.5311143,he goes in a half circle and lowers his head like he did something wrong. ,3,3,3,2,3,2,3,3
1636135691.153273,he just lowered his head. ,3,3,3,2,3,2,3,3
1636135945.0684671,He said hmm and raised his arms. ,2,4,3,3,3,3,4,3
1636136076.4293218,he didnt say anything and raised his arms as if he was sorry. ,3,3,3,1,3,2,3,3
1636136151.1669078,hes raising his head ever so slightly. ,3,3,3,3,4,3,3,3
1636136312.2496495,all he did was move around. Not sure what i was supposed to see there. ,3,3,3,3,3,3,3,3
1636136418.5302458,"he just moved forward. He didnt really have very many emotions imo, maybe interest. ",2,3,3,3,3,3,3,3
1636136489.923293,he moved in a half circle and lifted his lifty thingy. ,3,2,3,3,4,3,2,3
1636136564.1157448,he moved in a half circle and said oh. ,3,5,3,3,3,3,3,3
1636136688.709265,he moved forward and looked up. ,2,3,4,4,4,4,3,3
1636136746.245285,he just moved forward. ,3,3,3,3,3,3,2,3
1636136819.072025,"he just lowered his head a bit, almost like hes guilty of something. ",3,3,3,2,3,2,3,3
1636136914.6546113,he just raised his head. ,1,3,3,3,3,4,3,4
1636136974.6148179,he turned away like he was sad. ,3,3,2,1,2,3,3,3
1636137037.7433581,he raised his lifty thingy a tiny bit. ,3,3,3,3,3,3,3,4
1636137097.2316856,"he raised his lifty thingy above his head, and said ""mmm""",1,4,4,4,3,3,3,3
1636137171.7363338,he put his head down like he was sad but also moved toward me. ,3,3,3,1,3,4,3,4
1636137243.384552,"he raised his head, moved forward, and then lowered it again. ",3,3,4,3,4,5,3,3
1636137410.8334672,he raises and lowers his head if i replay the behavior.,2,3,3,3,4,4,2,3
1636137563.6290185,"he lowered his head, and lifted his lifty-thingy. He also made an inaudible noise. ",3,2,3,3,3,3,2,2
1636569793.6548412,"The robot made a noise, raised its arm and head and then turned 90 degrees clock-wise then lowered its arm and head and turned about 45 degrees clock-wise and made another noise.",2,3,2,3,2,2,1,3
1636570034.233964,Cosmo lowered his arm and head slowly and then raised his head and arm back up,2,2,3,3,3,1,3,4
1636570155.3558366,"Cosmo moved his arm and head down slowly. I tried to replay the simulation, but he didn't reset his position, so I was unable to.",3,2,3,1,3,2,3,3
1636570266.8696775,"Cosmo raised his head and arm, moved forward slightly and then lowered his head and arm slightly and made a noise and moved slightly to the right.",2,1,3,3,2,3,1,3
1636570370.2862668,Cosmo lowered his head and arm slightly aggressively.,4,2,2,3,2,2,3,2
1636570439.8199644,Cosmo lifted his head and arm and his eyes went flat. He then moved toward me slightly and lowered his head and arm.,2,3,3,2,3,4,3,4
1636570529.1158645,Cosmo moved forward quite a bit and made a noise. He then turned counter-clockwise and raised his arm up,1,2,2,3,3,4,3,4
1636570662.6146927,"Cosmo lowered his head and moved forward then stopped, raised his head slowly and turned clock-wise slightly.",1,2,3,4,3,4,4,4
1636570784.9716265,Cosmo moved his head up and moved forward and turned counter-clockwise slightly. He then stopped and lowered his head.,1,2,4,3,3,4,3,4
1636570890.9128292,Cosmo lowered his head so that he was looking at the ground.,3,2,3,1,3,2,2,3
1636570954.8413706,Cosmo moved forward and clock-wise slightly and raised his arm,1,3,3,5,4,4,3,4
1636571024.0120068,Cosmo moved forward just a small amount while turning clock-wise a small amount and he lowered his arm,2,4,2,1,3,2,2,3
1636571142.159265,Cosmo moved forward and raise his arm. He also spun clockwise almost 90 degrees and then lowered his arm.,3,2,1,2,2,2,3,2
1636571251.1285179,"Cosmos lowered his arm and his eyes got circular, then he turned counter-clockwise, made a noise, and raise his arm",4,2,2,3,2,3,2,2
1636571379.6850977,Cosmo lowered his head and made a quick noise and moved forward and raise his head back up.,1,4,3,2,3,5,3,4
1636571484.8339648,Cosmo lowered his head and he made a strange noise.,3,2,3,1,3,3,3,3
1636571617.7496865,Cosmo made a machine sound as if he was trying to do something but was unable to.,3,3,3,3,3,3,3,3
1636650483.889837,"The robot raised up the ""arms"" . No obvious change in eyes
",4,3,3,3,3,3,3,3
1636650785.2471087,"the robot put down the ""arms""",3,3,5,3,3,3,3,3
1636650859.5658414,Eyes became one line. said ah loudly,4,3,3,3,2,3,3,3
1636651022.1448903,Raised up head. Arms didn't move up,2,3,3,4,3,4,3,4
1636651118.668971,Arms raised up quickly. Moved forward in a long distance with a sound in alarm,5,3,3,3,2,3,3,3
1636651226.5628672,Turned right in 90 degrees with a sound.,1,2,3,3,3,3,3,4
1636651316.9057596,Head down with a different sound. Arms up a little. ,3,3,3,1,3,3,3,3
1636651525.1748989,Raised up head. Arms are still. ,1,3,3,4,3,4,3,5
1636651757.931639,"eyes in a line saying ""hello""",3,3,3,5,3,3,3,3
1636651823.8926218,Moved forward in a normal speed. Then put arms up in the middle,3,3,3,3,4,4,3,4
1636651922.26573,put down arms completely,3,5,5,3,3,3,3,3
1636651971.5592554,Turned around saying few words in a up tone. ,2,3,3,5,3,3,3,3
1636652054.5691261,Turned around with arms up a little and head down. Spoke in a joying mood ,3,3,3,5,3,3,3,4
1636652182.218864,Arms down to ground completely ,3,3,5,3,4,3,3,3
1636652260.0761042,"Eye becomes round. No move at all. Sounds like ""yeah""",3,3,4,5,5,3,3,3
1636652392.7933373,Arms and head up simultaneously in normal speed and stopped in the middle ,3,3,3,3,4,4,3,4
1636652468.9858677,arms up a bit,3,2,3,3,3,3,3,3
1636652566.4709556,heads down a lot looking down to ground,3,3,3,1,3,2,3,3
1636665046.2628217,"it moved to the left, and lifted its head up and down.  ",2,5,2,3,2,3,4,2
1636665216.875351,"It moved to the left first and then to the right. It made a sound while turning left. at the same time, it lifted its lift up and down while moving. ",1,3,3,4,3,4,4,4
1636665320.1009822,"It moved forward for a while and then it turned right. While turning right, it lifted its lift. ",2,5,3,5,3,4,3,4
1636665436.7989087,It looked up.  The movements of its eyes reminded me of scrutiny.,1,4,3,4,4,4,4,3
1636665546.38313,"It lifted the lift all the way up and then it turned left. After the turn was complete, it lowered the lift.  ",4,4,3,3,4,3,4,3
1636665712.3551085,"It moved forward, then looked up and lifted the lift. It made a sound while it was lifting the lift and blinked.",2,2,3,2,3,2,2,3
1636665807.2689068,"It curved left. It didn't lift the lift, nor make sounds, nor move its head. ",3,4,3,4,3,4,4,3
1636665932.559755,"It moved forward slightly and made a sound. The sound made me think of someone asking me ""are you ready?"" as in "" ready to go somewhere"".",2,4,3,3,3,4,2,3
1636666047.6931012,It lifted its lift and its head as to offer something to someone taller.,2,4,3,4,4,4,3,4
1636666392.0842166,It lifted its lift back down and looked perplexed. ,4,2,2,3,3,2,4,2
1636666458.5715365,"It turned left and right, lifting its lift and making two different sounds. ",4,2,2,3,2,2,3,3
1636666557.205836,"It turned left and, at the end of the turn, it looked up. While turning left, it made a sound.",2,2,3,3,3,4,2,3
1636666644.1525166,"It lifted the lift and turned left. At the same time, it made a sound that seemed to me like it said ""Hey Zach!"" and then, it squinted its eyes. ",5,3,2,3,1,3,3,2
1636666779.027147,"It said "" Aah"" while it moved forward and then it looked up.",1,5,5,4,4,3,4,3
1636666861.9781182,"It lifted the lift, then turned left and then lowered the lift. ",2,2,3,4,2,2,3,3
1636666945.722215,It lifted the lift and squinted its eyes as to look confused. ,5,1,3,2,2,2,3,3
1636739251.0569746,Cozmo turned his head up in an interested and somewhat confused manner like a toddler of some kind.,2,2,3,3,3,3,3,3
1636739484.2996557,"The robot looked down at something and made a confused expression with its eyes and handlebar like a shrug, making a confused noise as well.",2,2,2,3,3,3,4,3
1636739631.933714,Cozmo looked up in a curious manner like he was interested in something and wanted to know what it was.,2,2,3,3,3,3,3,3
1636739719.4010696,"The robot turned around like he was looking at something. When I replayed the behavior, it seemed to move its head down a bit.",2,3,3,3,3,3,3,3
1636739821.8485548,"Cozmo moved forward and looked up, saying ""huh?"" as it approached the object of interest.",2,2,3,3,3,3,4,3
1636739900.7219164,He made a frustrated sound and didn't move anywhere. Seemed a bit impatient at for some reason.,3,3,2,3,2,3,3,3
1636739992.467073,Cozmo didn't move and made a clicking sound like he was waiting for something to happen.,3,3,3,3,3,3,3,3
1636740106.2745411,"Cozmo moved away from me like he didn't want to see my face, raising his handlebar in a frustrated manner.",3,2,1,3,2,3,3,2
1636740249.9836395,"Cozmo winced like something was hurting him or he was just tired, trying to lift his handlebar up and failing to do so.",4,3,1,3,3,3,3,3
1636740345.846721,The robot moved forward and looked up curiously like he was interested in something. ,1,2,3,3,3,3,3,4
1637084462.306302,raised its arms and moved forward,3,4,4,4,3,3,4,3
1637084589.678079,Did not appear to do anything. ,3,3,3,3,3,3,3,3
1637084658.3332014,"moved forward with arms raised with curious eyes. Seemed to say ""hello""",1,2,3,3,3,3,3,4
1637084772.9775252,moved forward raising its arms,2,3,3,4,3,3,2,3
1637084835.8813174,Looked up with its head,2,2,3,4,4,4,3,3
1637084892.7974777,moved forward slightly raising its arms,4,4,4,4,3,4,4,4
1637084971.0899396,raised arms moved to the right then put arm down moving forward and looking up,4,4,3,4,3,3,3,3
1637085055.8187947,raised its arms up slightly then moved forward ad bit and lowered arms,3,3,3,3,3,3,3,3
1637085138.7133324,"moved forward and said ""hello""",2,2,3,4,4,4,3,3
1637085223.5816329,turns right and utters some noise,1,2,2,2,3,3,2,2
1637085295.1086078,moved its head up slightly,3,3,3,3,3,3,3,3
1637085368.547222,"""Hi""?",4,4,3,3,3,3,2,3
1637085424.727465,"looked up and moved forward then turned right a little and put head down. Moved arms down then up

""oooh""
""ahh""",4,4,4,4,4,4,3,3
1637085533.6865819,"moved forward saying ""ooh"" lowering its arms then lifting them up",2,3,4,3,4,3,4,3
1637085624.5810027,Did not appear to do anything,3,3,3,3,3,3,3,3
1637085689.9570868,Raised arms,3,3,3,3,3,3,3,3
1637085745.7038865,"lifted head ""oh""
turned right and moved ""hi""",4,5,4,3,3,3,1,3
1637085815.830829,"lifted head, lowered it. moved forward slightly ""hahmm""",3,2,1,2,3,3,2,3
1637085874.0141213,"moved and turned to the right a bit ""hiii""",2,3,3,3,3,3,2,3
1637085938.5882065,"lowered head, moved forward a bit, lifted arms. pause. lowered arms",3,3,3,3,3,3,3,3
1637085938.5882065,"lowered head, moved forward a bit, lifted arms. pause. lowered arms",3,3,3,3,3,3,3,3
1637085996.2159843,moved and turned to its left,3,3,3,3,3,3,3,3
1637086055.2379405,lowered head,3,2,3,2,3,3,2,3
1637086104.2470825,moved forward with head lowered,3,2,2,1,2,2,2,2
1637086150.2898798,"moved to its right a little bit and seemd to say ""hello??"" seemed curious",1,2,3,3,3,2,3,4
1637086221.1480103,"moved forward saying ""ooh"" then turned to the right ""ah""",3,4,4,4,4,3,3,3
1637167288.8943582,"the robot said an interested ""ooh"" and turned to its right before lifting its head and saying an excited ""ah!""",1,3,4,5,3,3,5,3
1637167416.9719481,The robot moved its head up ever so slightly.,2,1,3,3,3,3,3,3
1637167584.4651442,The robot turned forward and to its right while lowering its head and raising its arms as if charging at something and trying to push through it.,4,3,1,2,1,3,3,3
1637167692.348381,"The robot raised its arms first turning left then right before raising its arms and turning the other direction. It then said a very confused ""ehh?"" before lowering its arms.",1,1,2,3,3,2,3,3
1637167839.928635,The robot first raised its head before waiting a moment and then raising its arms. When it did raise its arms it looked back down at that same moment.,3,2,2,2,3,3,2,3
1637167962.0580606,"The robot lowered its head slightly before slowly making a tight turn to its left. While it turned it said ""ooh"" before  getting cut off mid word and looking ahead once again.",3,1,2,2,3,3,3,4
1637168126.415935,"the robot looked down and lowered its arms, moved forward and then raised its arms before looking as high up as it could.",2,1,3,3,3,3,1,3
1637168246.9087162,"The robot moved forward while raising its arms and turning a little bit to its left before seeming to say ""eat shit!""",3,3,2,3,1,3,3,1
1637168420.3627033,The robot lifted its hands ever so slightly.,3,2,3,3,3,3,3,3
1637168498.5268452,"The robot moved forward while saying ""ooh?"" in an interested way.",1,4,3,4,4,5,5,4
1637168612.9589906,"The robot turned to its left and said ""ehh?""",1,1,3,2,3,3,3,3
1637168718.5109904,The robot squinted angrily before slowly raising its arms,3,5,3,3,1,2,3,1
1637168781.5698643,"The robot squealed ""ahh"" as if coming to a realization before quickly moving forward and to its left.",4,5,5,4,3,3,3,3
1637168873.0561185,"The robot said ""mmm"" before turning 90 degrees to its left and saying ""ahum"" as if to get someone's attention.",1,4,2,3,3,3,3,3
1637177413.9386435,"The robot said ""ah"" and then moved forward, raised its head and kept moving forward.",3,5,3,4,3,3,5,5
1637177554.6322608,The robot moved forward and then moved its eyes around.,5,3,3,3,3,3,4,3
1637177606.4732437,"The robot turned and looked away from me, then it turned its head down.",3,3,3,1,3,2,3,3
1637177667.5838385,"The robot moved forward, said ""ooo"" then its eyes opened up and raised its arms.",3,5,3,3,3,3,3,5
1637177767.4960394,"The robot lowered its arms, raised its head, and said ""eeh."" Then it raised its head and arms.",1,3,3,3,3,3,4,5
1637177857.0517318,The robot turned and then lowered its arms.,3,3,3,3,3,3,3,3
1637177903.5599387,"The robot moved forward while lowering its head and raising its arms. It then said ""ahh.""",1,3,3,3,3,4,3,5
1637177981.8117805,The robot raised its head and squinted at me.,5,2,3,3,3,3,3,3
1637178035.0969265,"The robot raised its arms and squinted while moving forward and said ""uuu.""",1,3,3,3,3,4,4,3
1637178129.8775082,The robot squinted its eyes and looked up.,1,1,3,3,3,3,3,3
1637178174.9873521,The robot lowered its head and then turned away from me.,3,3,3,2,3,1,3,3
1637178233.4279184,The robot squinted its eyes and lowered its head.,3,3,3,1,3,1,3,3
1637178290.8468406,"The robot turned and raised its arms, then it moved forward and slowly lowered its arms.",3,2,1,3,3,2,3,3
1637178365.9150739,The robot raised its head.,1,3,3,3,3,3,3,5
1637178415.7256863,The robot lowered its head and slightly raised its arms.,3,2,3,2,3,2,3,3
1637178478.0056863,"The robot said ""eh"" while moving forward and raising its arms and head.",1,2,3,3,3,3,4,4
1637178552.7501688,"The robot turned and raised its arms and said ""ah.""",2,1,2,3,3,3,3,3
1637178623.6813865,The robot turned and raised its arms.,2,1,3,3,3,1,3,3
1637178672.3122249,The robot lowered its arms and head and moved forward. Then it stopped and slightly raised its arms and inched forward.,5,2,5,3,3,3,3,4
1637178767.0110855,"The robot lowered its arms and head. While moving forward it said ""ayy sha.""",3,5,3,2,3,1,3,3
1637178837.2134085,"The robot moved forward, stopped and then raised raised its head and moved forward a little bit.",1,2,3,3,3,3,4,5
1637178901.4000807,The robot moved forward.,3,3,3,3,3,3,3,3
1637178945.8414855,The robot turned away from me and lowered its head.,3,3,3,1,3,1,3,3
1637179006.6438992,"The robot turned and said ""ayy sha"" and raised its head.",1,2,3,3,3,4,3,3
1637179060.0642002,The robot moved forward while raising its arms.,2,3,3,3,3,3,3,5
1637179104.642145,The robot raised its arms.,1,3,3,3,3,3,3,5
1637179146.6658764,The robot slowly lowered its arms and then turned.,3,4,3,3,3,1,3,3
1637179204.3505943,"The robot moved forward, raised its arms, and lowered its head.",2,3,3,3,4,3,3,5
1637354043.2326205,"The robot raised its arms, like it was trying to protect itself. It moved its eyes from side to side. It also looked around from side to side once its arms were raised. ",5,2,3,3,2,1,4,3
1637354212.136968,"the robot lowered its arms and then said ""hello?"" in a questoning voice. It then looked around from side to side. ",1,2,3,4,3,4,4,4
1637354298.3681893,"The robot slightly raided its arms, tilted its head up towards the sky, turned to the right roughly 30 degrees, and said ""uuuuum?"" in a very inquisitive manner. ",1,2,3,5,4,5,5,5
1637354393.5210123,"The robot moved straight forward a few inches, lowered its arms, squinted its eyes, and said something like ""hello?"" or ""who?"" or ""who are you?"" ",4,1,2,3,2,1,4,4
1637354523.7653942,"The robot looked and said nothing at first, just studied me. It then lowered its head and arms, turned away from me, and said ""ew.""",2,5,1,3,1,3,3,1
1637354621.4395146,"At first, the robot's arms started down They then said ""uh,"" raised thier arms above their head, and then said ""AAAAH!"" ",2,5,1,3,1,2,3,2
1637354730.026931,The robot started moving immediately a couple of inches straight and slightly to the right. They then tilted their head down and made squinty eyes.,1,2,3,3,3,4,4,5
1637354856.692361,"At first the robot tilted thier head up and said something like ""uhuh"" or ""bruh"" (it was a little hard to tell). The robot said this is a lower voice. Then, the robot lowered their head and said ""awwwww."" The voice started high and dipped down.",1,2,3,1,3,3,3,3
1637355005.7755966,"The robot first moved straight with a slight right direction. Then, they stopped and said ""oyyyy."" Then they moved slightly left and straight. hey then said ""um?"" They ended looking right at me when they made squinty, angry eyes. ",1,2,1,3,1,2,3,1
1637355193.3602998,"At first, the robot raised their head and hands up to the sky and said ""hi!"" then turned around, lowered their head and hands. ",1,5,5,5,5,5,5,3
1637355299.5489433,"The robot turned around nearly 180 degrees, lowered their head, and lowered their arms.",3,4,3,1,3,1,2,3
1637355401.752217,"The robot moved a little forward, lowered their arms, tilted thier head up, and said ""um""",2,2,4,3,3,3,4,3
